iteration,started_at,completed_at,duration_ms,latency_r1_r2_hops,latency_r1_r2_min_ms,latency_r1_r2_avg_ms,latency_r1_r2_max_ms,latency_r1_r2_std_ms,latency_r1_r2_median_ms,jitter_r1_r2_ms,latency_r1_r2_loss_pct,latency_r1_r3_hops,latency_r1_r3_min_ms,latency_r1_r3_avg_ms,latency_r1_r3_max_ms,latency_r1_r3_std_ms,latency_r1_r3_median_ms,jitter_r1_r3_ms,latency_r1_r3_loss_pct,latency_r3_r2_hops,latency_r3_r2_min_ms,latency_r3_r2_avg_ms,latency_r3_r2_max_ms,latency_r3_r2_std_ms,latency_r3_r2_median_ms,jitter_r3_r2_ms,latency_r3_r2_loss_pct,latency_r3_r6_hops,latency_r3_r6_min_ms,latency_r3_r6_avg_ms,latency_r3_r6_max_ms,latency_r3_r6_std_ms,latency_r3_r6_median_ms,jitter_r3_r6_ms,latency_r3_r6_loss_pct,latency_r1_r6_hops,latency_r1_r6_min_ms,latency_r1_r6_avg_ms,latency_r1_r6_max_ms,latency_r1_r6_std_ms,latency_r1_r6_median_ms,jitter_r1_r6_ms,latency_r1_r6_loss_pct,latency_r2_r5_hops,latency_r2_r5_min_ms,latency_r2_r5_avg_ms,latency_r2_r5_max_ms,latency_r2_r5_std_ms,latency_r2_r5_median_ms,jitter_r2_r5_ms,latency_r2_r5_loss_pct,latency_r4_r5_hops,latency_r4_r5_min_ms,latency_r4_r5_avg_ms,latency_r4_r5_max_ms,latency_r4_r5_std_ms,latency_r4_r5_median_ms,jitter_r4_r5_ms,latency_r4_r5_loss_pct,latency_r4_r6_hops,latency_r4_r6_min_ms,latency_r4_r6_avg_ms,latency_r4_r6_max_ms,latency_r4_r6_std_ms,latency_r4_r6_median_ms,jitter_r4_r6_ms,latency_r4_r6_loss_pct,latency_r6_r1_hops,latency_r6_r1_min_ms,latency_r6_r1_avg_ms,latency_r6_r1_max_ms,latency_r6_r1_std_ms,latency_r6_r1_median_ms,jitter_r6_r1_ms,latency_r6_r1_loss_pct,bandwidth_r1_r2_mbps,throughput_r1_r2_mbps,retransmits_r1_r2,bandwidth_r1_r3_mbps,throughput_r1_r3_mbps,retransmits_r1_r3,bandwidth_r3_r2_mbps,throughput_r3_r2_mbps,retransmits_r3_r2,bandwidth_r3_r6_mbps,throughput_r3_r6_mbps,retransmits_r3_r6,bandwidth_r1_r6_mbps,throughput_r1_r6_mbps,retransmits_r1_r6,bandwidth_r2_r5_mbps,throughput_r2_r5_mbps,retransmits_r2_r5,bandwidth_r4_r5_mbps,throughput_r4_r5_mbps,retransmits_r4_r5,bandwidth_r4_r6_mbps,throughput_r4_r6_mbps,retransmits_r4_r6,bandwidth_r6_r1_mbps,throughput_r6_r1_mbps,retransmits_r6_r1,packetloss_r1_r2_pct,packetloss_r1_r3_pct,packetloss_r3_r2_pct,packetloss_r3_r6_pct,packetloss_r1_r6_pct,packetloss_r2_r5_pct,packetloss_r4_r5_pct,packetloss_r4_r6_pct,packetloss_r6_r1_pct,cpu_total_busy_pct,cpu_user_pct,cpu_system_pct,cpu_sample_window_ms,mem_used_mb,mem_total_mb,mem_utilisation_pct,estimated_power_w,estimated_energy_kwh
1,2026-04-22T15:06:59.527919,2026-04-22T15:13:57.465873,417937.758,1,0.027,0.087,3.392,0.332,0.053,0.06655,0.0,2,0.035,0.078,0.461,0.043,0.07050000000000001,0.02019,0.0,1,0.026,0.064,0.429,0.044,0.055,0.02155,0.0,3,0.054,0.088,0.374,0.035,0.079,0.019809999999999998,0.0,1,0.028,0.059,0.11,0.015,0.0565,0.01134,0.0,3,0.034,0.081,0.156,0.02,0.0775,0.014480000000000002,0.0,1,0.027,0.074,1.618,0.16,0.053,0.04008,0.0,2,0.048,0.075,0.352,0.03,0.069,0.013519999999999997,0.0,1,0.026,0.056,0.086,0.012,0.055,0.00863,0.0,60756.424834,60462.933834,6,50117.308958,49911.63069,1,60678.691409,60385.798761,427,44780.388139,44554.361976,1088,56703.475779,56469.55218,184,39050.869906,38892.528506,2380,62160.457871,61806.843378,248,51536.014552,46813.38909,92,60129.08369,59866.812587,1,0.0,0.0,0.0,0.0,0.0,0.0,0.0,0.0,0.0,0.168,0.0,0.168,2000.0,2521.93,23840.852,10.578,20.067,0.00232968
2,2026-04-22T15:13:59.468450,2026-04-22T15:21:06.441320,426972.846,1,0.029,0.057,0.383,0.035,0.053,0.013960000000000002,0.0,2,0.043,0.074,0.389,0.036,0.0665,0.01809,0.0,1,0.021,0.059,0.125,0.018,0.054,0.01324,0.0,3,0.046,0.089,0.377,0.043,0.08,0.02206,0.0,1,0.029,0.059,0.128,0.016,0.056,0.01283,0.0,3,0.05,0.079,0.159,0.015,0.078,0.01003,0.0,1,0.025,0.061,0.76,0.074,0.053,0.02009,0.0,2,0.028,0.072,0.128,0.022,0.0665,0.01757,0.0,1,0.032,0.058,0.122,0.018,0.056,0.01213,0.0,61767.897338,59746.096183,260,48499.051474,48309.969882,13,61180.47387,60939.089842,0,43737.576665,43536.704796,96,59322.370776,59010.632152,1028,42823.826586,42616.508676,512,59617.963982,57595.138765,92,50612.316542,50296.703799,801,60563.092474,60080.123359,258,0.0,0.0,0.0,0.0,0.0,0.0,0.0,0.0,0.0,0.463,0.042,0.421,2000.0,2530.379,23840.852,10.614,20.185,0.00239404
3,2026-04-22T15:21:08.451042,2026-04-22T15:28:02.392878,413941.796,1,0.032,0.06,0.734,0.068,0.053,0.0184,0.0,2,0.037,0.077,0.589,0.055,0.068,0.02198,0.0,1,0.029,0.057,0.128,0.019,0.053,0.014,0.0,3,0.042,0.092,0.493,0.058,0.0805,0.02997,0.0,1,0.026,0.056,0.105,0.015,0.055,0.01026,0.0,3,0.038,0.08,0.18,0.022,0.076,0.015040000000000001,0.0,1,0.03,0.055,0.305,0.028,0.053,0.0117,0.0,2,0.036,0.072,0.319,0.035,0.0655,0.017599999999999998,0.0,1,0.029,0.061,0.181,0.022,0.0565,0.01534,0.0,62366.396773,62047.38174,6,50860.987644,50526.249449,2,58911.883988,58594.5736,1,43145.968216,42957.365801,1876,59485.888301,58572.073969,272,42951.10437,42779.053862,2003,61468.469428,59370.998043,1,49999.469373,49804.194624,599,59790.247835,59523.953141,2,0.0,0.0,0.0,0.0,0.0,0.0,0.0,0.0,0.0,0.211,0.042,0.168,2000.0,2526.273,23840.852,10.596,20.084,0.00230938
4,2026-04-22T15:28:04.396419,2026-04-22T15:35:12.588377,428191.921,1,0.025,0.059,0.153,0.017,0.0555,0.010989999999999998,0.0,2,0.039,0.071,0.141,0.017,0.068,0.012159999999999997,0.0,1,0.027,0.064,0.699,0.065,0.055,0.02129,0.0,3,0.044,0.094,0.463,0.052,0.0805,0.02878,0.0,1,0.029,0.057,0.104,0.014,0.0545,0.01076,0.0,3,0.047,0.09,0.401,0.043,0.0795,0.02322,0.0,1,0.02,0.066,0.343,0.042,0.0555,0.02125,0.0,2,0.041,0.089,1.362,0.138,0.0655,0.0431,0.0,1,0.03,0.133,6.972,0.688,0.055,0.14556,0.0,60100.416452,59814.785961,8,48791.70702,48547.987146,308,59607.087508,59338.833259,3,43567.889406,40217.63745,139,55494.034259,55227.945361,54,43252.421513,43044.604674,1519,55291.181272,55030.171236,4,46479.137441,46298.862479,812,61257.993749,60918.11348,257,0.0,0.0,0.0,0.0,0.0,0.0,0.0,0.0,0.0,0.209,0.084,0.125,2000.0,2523.07,23840.852,10.583,20.084,0.00238879
5,2026-04-22T15:35:14.590561,2026-04-22T15:42:10.722954,416132.318,1,0.025,0.062,0.427,0.039,0.055,0.01608,0.0,2,0.046,0.08,0.568,0.053,0.069,0.02254,0.0,1,0.022,0.066,0.576,0.055,0.054,0.0221,0.0,3,0.043,0.095,0.488,0.062,0.0795,0.03291,0.0,1,0.03,0.064,0.367,0.042,0.055,0.02053,0.0,3,0.04,0.113,2.071,0.207,0.079,0.060840000000000005,0.0,1,0.033,0.06,0.129,0.017,0.0555,0.01354,0.0,2,0.038,0.071,0.208,0.022,0.067,0.014079999999999997,0.0,1,0.03,0.062,0.485,0.044,0.0555,0.01622,0.0,59853.608296,59528.71687,919,51579.201629,51337.143967,48,58764.855136,58524.782785,175,42190.356573,41973.957133,1742,58882.291029,58580.592446,1094,43437.505782,43226.744589,3478,60801.551677,60430.551173,4,51160.993991,50969.527398,1,59143.178627,58881.706597,618,0.0,0.0,0.0,0.0,0.0,0.0,0.0,0.0,0.0,0.337,0.084,0.253,2000.0,2528.055,23840.852,10.604,20.135,0.00232743
6,2026-04-22T15:42:12.724774,2026-04-22T15:49:25.451680,432726.874,1,0.03,0.058,0.139,0.016,0.0545,0.011930000000000001,0.0,2,0.033,0.07,0.181,0.026,0.067,0.01681,0.0,1,0.025,0.058,0.178,0.023,0.053,0.015360000000000002,0.0,3,0.036,0.093,0.42,0.051,0.079,0.02983,0.0,1,0.028,0.06,0.366,0.036,0.054,0.01576,0.0,3,0.036,0.099,0.67,0.084,0.0765,0.04141,0.0,1,0.026,0.059,0.17,0.024,0.055,0.015809999999999998,0.0,2,0.032,0.078,0.326,0.038,0.068,0.02333,0.0,1,0.021,0.06,0.136,0.019,0.057,0.014029999999999999,0.0,57324.806637,57098.783138,482,49436.154738,49217.007853,564,60391.929142,60155.480748,2,43865.706991,43570.298522,2078,57360.306455,57133.686255,662,44337.295922,44094.499695,978,60433.082785,60185.752477,537,50205.649397,49999.711498,1272,58288.847421,58052.64322,50,0.0,0.0,0.0,0.0,0.0,0.0,0.0,0.0,0.0,0.463,0.084,0.379,2000.0,2530.77,23840.852,10.615,20.185,0.0024263
7,2026-04-22T15:49:27.481837,2026-04-22T15:56:21.063921,413582.011,1,0.026,0.056,0.108,0.016,0.053,0.01246,0.0,2,0.035,0.077,0.379,0.036,0.07,0.01798,0.0,1,0.026,0.061,0.383,0.038,0.054,0.018179999999999998,0.0,3,0.046,0.085,0.379,0.034,0.078,0.017550000000000003,0.0,1,0.025,0.109,5.28,0.519,0.0555,0.10303,0.0,3,0.047,0.089,0.424,0.039,0.081,0.019639999999999998,0.0,1,0.027,0.055,0.097,0.013,0.054,0.009600000000000001,0.0,2,0.032,0.075,0.343,0.043,0.066,0.022059999999999996,0.0,1,0.03,0.067,0.66,0.061,0.058,0.020980000000000002,0.0,55203.722947,54987.207009,626,50700.014251,50495.315141,1487,59189.889432,58924.836397,501,42515.714644,42313.35119,1678,58479.02012,58243.591664,105,37559.872128,37408.971627,1954,61296.006656,61001.212691,97,50073.229258,49878.963144,464,57951.302747,57686.727454,207,0.0,0.0,0.0,0.0,0.0,0.0,0.0,0.0,0.0,0.164,0.0,0.164,2000.0,2527.277,23840.852,10.601,20.066,0.00230521
8,2026-04-22T15:56:23.065624,2026-04-22T16:03:34.269458,431203.782,1,0.025,0.063,0.477,0.048,0.0545,0.01947,0.0,2,0.035,0.078,0.237,0.034,0.069,0.02341,0.0,1,0.022,0.057,0.145,0.019,0.054,0.01388,0.0,3,0.036,0.091,0.413,0.041,0.08,0.02375,0.0,1,0.033,0.065,0.279,0.032,0.0575,0.01795,0.0,3,0.033,0.083,0.235,0.026,0.076,0.01854,0.0,1,0.023,0.072,0.539,0.065,0.057,0.029709999999999997,0.0,2,0.044,0.074,0.186,0.02,0.069,0.012549999999999997,0.0,1,0.03,0.062,0.371,0.033,0.058,0.01328,0.0,52817.289104,52589.064793,3,49402.199626,49159.411516,273,59190.892565,58954.070434,5,43965.179434,43707.058831,78,61234.997374,60969.601477,95,43896.392634,43697.975084,1540,60468.632494,59841.497734,5,50885.790378,50551.872991,1786,61422.723943,61182.529421,3,0.0,0.0,0.0,0.0,0.0,0.0,0.0,0.0,0.0,0.254,0.042,0.211,2000.0,2537.102,23840.852,10.642,20.102,0.00240775
9,2026-04-22T16:03:36.271135,2026-04-22T16:10:39.718411,423447.203,1,0.034,0.055,0.125,0.014,0.054,0.008280000000000001,0.0,2,0.045,0.074,0.142,0.017,0.069,0.012649999999999998,0.0,1,0.032,0.132,6.747,0.669,0.056,0.14718,0.0,3,0.043,0.093,0.738,0.069,0.079,0.028310000000000002,0.0,1,0.026,0.057,0.117,0.016,0.055,0.011200000000000002,0.0,3,0.038,0.089,0.388,0.041,0.079,0.02342,0.0,1,0.023,0.062,0.407,0.04,0.055,0.01822,0.0,2,0.024,0.079,0.355,0.046,0.068,0.02488,0.0,1,0.03,0.06,0.124,0.018,0.057,0.012839999999999999,0.0,60050.212969,59806.224698,2,50612.526446,50353.754226,1898,60746.76869,60386.350123,468,36827.407742,36682.380108,1309,60028.630401,59658.419887,500,43125.248799,42913.658584,1105,58583.256114,58352.891105,505,50945.923979,48465.250739,49,59024.785807,58753.910462,52,0.0,0.0,0.0,0.0,0.0,0.0,0.0,0.0,0.0,0.084,0.0,0.084,2000.0,2530.367,23840.852,10.614,20.034,0.00235644
10,2026-04-22T16:10:41.728914,2026-04-22T16:17:37.854869,416125.916,1,0.026,0.059,0.33,0.031,0.055,0.014489999999999998,0.0,2,0.033,0.073,0.34,0.032,0.068,0.016939999999999997,0.0,1,0.026,0.108,4.148,0.41,0.055,0.09359,0.0,3,0.037,0.091,0.448,0.054,0.079,0.030029999999999998,0.0,1,0.026,0.062,0.344,0.036,0.055,0.01882,0.0,3,0.036,0.098,0.557,0.065,0.0795,0.03389,0.0,1,0.034,0.066,0.382,0.042,0.056,0.01984,0.0,2,0.038,0.073,0.385,0.035,0.067,0.016939999999999997,0.0,1,0.018,0.066,0.438,0.053,0.056,0.02424,0.0,55303.403646,55078.827637,8,50662.557903,50425.805724,1012,59407.044461,59122.075912,1167,37217.81414,37069.591679,1622,63341.537135,63050.088901,3,43881.659361,43677.598731,1296,60260.063847,59992.799499,50,50118.991855,49859.534938,2018,60013.47189,59675.970043,28,0.0,0.0,0.0,0.0,0.0,0.0,0.0,0.0,0.0,0.253,0.0,0.253,2000.0,2538.914,23840.852,10.649,20.101,0.00232351
11,2026-04-22T16:17:39.971310,2026-04-22T16:24:46.417058,426445.722,1,0.021,0.064,0.183,0.027,0.057,0.02006,0.0,2,0.041,0.075,0.164,0.024,0.068,0.017539999999999997,0.0,1,0.024,0.057,0.147,0.017,0.0535,0.011930000000000001,0.0,3,0.038,0.104,0.729,0.09,0.0805,0.04085,0.0,1,0.025,0.065,0.435,0.041,0.0565,0.01916,0.0,3,0.038,0.139,4.913,0.48,0.0805,0.09970000000000001,0.0,1,0.028,0.061,0.319,0.033,0.055,0.01423,0.0,2,0.029,0.073,0.137,0.017,0.069,0.011669999999999998,0.0,1,0.025,0.06,0.279,0.026,0.055,0.013779999999999999,0.0,59289.233155,58912.33885,713,50682.160251,50370.658283,2062,62157.237524,61798.229474,5,43333.588037,43105.841549,485,60639.956989,60266.44668,1,43968.318394,43684.01109,1622,60605.253189,60292.230771,0,49496.772059,49299.305004,415,60118.377046,59820.120116,138,0.0,0.0,0.0,0.0,0.0,0.0,0.0,0.0,0.0,0.337,0.042,0.295,2000.0,2546.992,23840.852,10.683,20.135,0.00238511
12,2026-04-22T16:24:48.428727,2026-04-22T16:31:43.084650,414655.894,1,0.021,0.059,0.197,0.022,0.056,0.01502,0.0,2,0.037,0.072,0.228,0.023,0.0675,0.014569999999999996,0.0,1,0.024,0.059,0.1,0.015,0.055,0.01275,0.0,3,0.038,0.084,0.174,0.025,0.078,0.018850000000000002,0.0,1,0.028,0.059,0.194,0.021,0.055,0.011449999999999998,0.0,3,0.043,0.083,0.334,0.036,0.0765,0.019430000000000003,0.0,1,0.028,0.059,0.15,0.018,0.055,0.013199999999999998,0.0,2,0.038,0.072,0.249,0.025,0.066,0.015379999999999996,0.0,1,0.029,0.057,0.118,0.016,0.055,0.01157,0.0,59281.332378,58374.361696,2,51966.37744,51710.378141,1035,59927.544734,59632.841265,4,43333.268957,43104.98135,4158,59683.41576,59436.436826,1449,45008.706042,44731.490595,98,60247.310009,59999.101917,49,50041.594796,49808.533712,954,55383.022572,55162.502083,410,0.0,0.0,0.0,0.0,0.0,0.0,0.0,0.0,0.0,0.21,0.0,0.21,2000.0,2545.805,23840.852,10.678,20.084,0.00231332
13,2026-04-22T16:31:45.087789,2026-04-22T16:38:55.067848,429980.018,1,0.019,0.062,0.468,0.047,0.0555,0.01976,0.0,2,0.038,0.081,0.435,0.045,0.0695,0.02209,0.0,1,0.03,0.058,0.118,0.016,0.0545,0.01199,0.0,3,0.042,0.082,0.151,0.019,0.077,0.01412,0.0,1,0.025,0.055,0.122,0.017,0.0535,0.01205,0.0,3,0.037,0.087,0.182,0.025,0.081,0.020319999999999998,0.0,1,0.021,0.105,5.042,0.496,0.054,0.09849,0.0,2,0.041,0.078,0.421,0.052,0.0675,0.021529999999999997,0.0,1,0.029,0.062,0.343,0.031,0.057,0.01461,0.0,60796.278906,60549.806147,1058,50236.748674,49985.971687,874,62563.852782,62248.051982,50,39626.999577,39466.276349,1336,60900.979838,60601.537349,3,43995.71625,43789.853666,2850,55617.005523,55391.568887,1019,49209.686532,49011.915419,522,60245.113177,59929.266921,5,0.0,0.0,0.0,0.0,0.0,0.0,0.0,0.0,0.0,0.208,0.083,0.125,2000.0,2546.625,23840.852,10.682,20.083,0.00239872
14,2026-04-22T16:38:57.273898,2026-04-22T16:45:51.630323,414356.326,1,0.023,0.057,0.167,0.017,0.0545,0.01105,0.0,2,0.04,0.077,0.713,0.065,0.0675,0.02055,0.0,1,0.02,0.077,2.143,0.208,0.053,0.04437,0.0,3,0.047,0.081,0.159,0.02,0.077,0.014230000000000001,0.0,1,0.03,0.062,0.12,0.019,0.0565,0.01495,0.0,3,0.043,0.082,0.163,0.024,0.076,0.018090000000000002,0.0,1,0.028,0.056,0.116,0.015,0.0535,0.010150000000000001,0.0,2,0.04,0.074,0.403,0.036,0.068,0.014749999999999997,0.0,1,0.03,0.066,0.543,0.054,0.056,0.021220000000000003,0.0,60011.324128,59671.312231,5,53629.294672,53330.808139,7,59849.362165,59487.168997,564,45559.410197,45351.714222,366,59649.910941,59292.406772,28,43667.790739,43497.65972,2266,59276.90828,58939.563793,50,50333.413599,50117.26984,1010,63881.36077,63552.014147,46,0.0,0.0,0.0,0.0,0.0,0.0,0.0,0.0,0.0,0.253,0.0,0.253,2000.0,2555.691,23840.852,10.72,20.101,0.00231363
15,2026-04-22T16:45:53.631226,2026-04-22T16:52:58.204720,424573.455,1,0.022,0.059,0.226,0.023,0.0545,0.014199999999999999,0.0,2,0.038,0.07,0.223,0.021,0.067,0.011340000000000001,0.0,1,0.026,0.056,0.134,0.017,0.0535,0.012360000000000001,0.0,3,0.043,0.088,0.368,0.038,0.078,0.023569999999999997,0.0,1,0.025,0.059,0.108,0.017,0.056,0.01262,0.0,3,0.049,0.087,0.302,0.03,0.08,0.019409999999999997,0.0,1,0.029,0.058,0.152,0.018,0.054,0.0122,0.0,2,0.027,0.077,0.405,0.052,0.067,0.02513,0.0,1,0.029,0.064,0.504,0.053,0.056,0.02113,0.0,60786.66015,60473.499541,45,51401.518221,51196.228109,214,60922.011014,60668.805561,0,45240.104309,44895.953966,813,60218.477158,59792.011082,2,44010.721845,43715.381466,1206,60145.998536,38893.277102,3,45071.953126,44894.51025,190,61190.212776,60934.850035,1156,0.0,0.0,0.0,0.0,0.0,0.0,0.0,0.0,0.0,0.21,0.042,0.168,2000.0,2545.613,23840.852,10.678,20.084,0.00236865
16,2026-04-22T16:53:00.207599,2026-04-22T16:59:56.638065,416430.403,1,0.027,0.065,0.476,0.048,0.055,0.02171,0.0,2,0.038,0.086,0.39,0.046,0.0725,0.0277,0.0,1,0.026,0.059,0.144,0.018,0.055,0.013609999999999999,0.0,3,0.045,0.1,0.4,0.05,0.0885,0.029820000000000003,0.0,1,0.026,0.065,0.406,0.043,0.055,0.021310000000000003,0.0,3,0.041,0.088,0.266,0.033,0.079,0.022539999999999998,0.0,1,0.027,0.058,0.123,0.017,0.055,0.01229,0.0,2,0.03,0.074,0.203,0.024,0.067,0.016909999999999998,0.0,1,0.027,0.071,0.737,0.069,0.0595,0.024179999999999997,0.0,61453.119601,61108.309192,25,49742.416197,49494.818208,1429,63617.8837,63286.538199,51,42320.216445,42144.480787,1065,60396.472397,60114.659837,864,42852.977938,42657.249728,301,59033.653361,58683.176264,584,50351.69339,50146.395887,69,62287.693413,61985.151599,75,0.0,0.0,0.0,0.0,0.0,0.0,0.0,0.0,0.0,0.253,0.0,0.253,2000.0,2546.688,23840.852,10.682,20.101,0.00232521
17,2026-04-22T16:59:58.654456,2026-04-22T17:07:04.710603,426056.11,1,0.027,0.092,3.084,0.302,0.055,0.06972,0.0,2,0.033,0.082,0.336,0.041,0.069,0.02433,0.0,1,0.035,0.059,0.154,0.015,0.057,0.009729999999999999,0.0,3,0.046,0.082,0.164,0.021,0.0785,0.014700000000000001,0.0,1,0.028,0.059,0.243,0.023,0.055,0.012759999999999999,0.0,3,0.044,0.104,0.552,0.078,0.0795,0.0405,0.0,1,0.024,0.07,0.567,0.061,0.057,0.027170000000000003,0.0,2,0.036,0.079,0.549,0.056,0.066,0.02722,0.0,1,0.023,0.064,0.553,0.052,0.0565,0.01976,0.0,61857.504774,61482.145264,1039,51403.556368,51170.461584,1521,62528.177554,62275.37405,51,43987.083776,43747.605068,1823,58789.564881,58449.86649,380,43953.149497,43772.465687,2017,60145.644431,59833.998589,512,50912.185859,50607.8955,1338,61375.171774,60977.481926,993,0.0,0.0,0.0,0.0,0.0,0.0,0.0,0.0,0.0,0.084,0.0,0.084,2000.0,2550.492,23840.852,10.698,20.034,0.00237095
18,2026-04-22T17:07:06.717237,2026-04-22T17:14:04.058129,417340.865,1,0.028,0.062,0.303,0.031,0.055,0.01703,0.0,2,0.043,0.079,0.451,0.049,0.066,0.02486,0.0,1,0.02,0.063,0.422,0.043,0.055,0.01951,0.0,3,0.04,0.087,0.427,0.043,0.078,0.025109999999999997,0.0,1,0.027,0.062,0.207,0.026,0.056,0.01697,0.0,3,0.041,0.085,0.419,0.039,0.079,0.01993,0.0,1,0.028,0.058,0.112,0.016,0.054,0.011800000000000001,0.0,2,0.029,0.072,0.436,0.042,0.065,0.017919999999999995,0.0,1,0.034,0.055,0.214,0.021,0.051,0.01034,0.0,50900.795169,50701.942499,143,47633.541748,47445.029235,454,59612.474944,59369.586553,50,40792.084264,40579.243178,2608,54622.535523,54402.042375,4,42288.0709,41308.275033,1054,54296.41236,54077.361411,537,48490.063501,48216.61519,4144,60547.77521,60317.375843,266,0.0,0.0,0.0,0.0,0.0,0.0,0.0,0.0,0.0,0.294,0.0,0.294,2000.0,2572.844,23840.852,10.792,20.118,0.00233219
19,2026-04-22T17:14:06.063082,2026-04-22T17:21:16.274449,430211.338,1,0.025,0.066,0.508,0.054,0.055,0.024010000000000004,0.0,2,0.035,0.097,3.158,0.307,0.066,0.06123000000000001,0.0,1,0.023,0.053,0.251,0.022,0.053,0.01007,0.0,3,0.042,0.087,0.356,0.035,0.08,0.0197,0.0,1,0.027,0.059,0.155,0.02,0.055,0.012969999999999999,0.0,3,0.049,0.119,2.379,0.287,0.076,0.08041999999999999,0.0,1,0.034,0.07,0.761,0.089,0.053,0.032080000000000004,0.0,2,0.035,0.072,0.174,0.023,0.067,0.014699999999999996,0.0,1,0.034,0.06,0.313,0.028,0.0565,0.01279,0.0,59616.026665,59382.482297,189,50024.828493,49794.627916,1497,54993.829566,54772.768454,7,42942.496889,42719.501025,1700,59633.717217,59313.776391,3,43694.070467,43494.895606,2842,60883.07606,60616.365071,3,50270.25896,49998.258976,2761,60782.532941,60471.298018,48,0.0,0.0,0.0,0.0,0.0,0.0,0.0,0.0,0.0,0.673,0.294,0.379,2000.0,2520.113,23840.852,10.571,20.269,0.00242223
20,2026-04-22T17:21:18.276009,2026-04-22T17:28:25.795728,427519.621,1,0.021,0.056,0.177,0.023,0.0535,0.014110000000000001,0.0,2,0.029,0.076,0.385,0.036,0.0695,0.01808,0.0,1,0.028,0.073,1.149,0.112,0.055,0.032619999999999996,0.0,3,0.043,0.085,0.431,0.044,0.077,0.02082,0.0,1,0.026,0.061,0.385,0.035,0.056,0.01458,0.0,3,0.041,0.095,0.353,0.048,0.078,0.03161,0.0,1,0.026,0.055,0.117,0.013,0.054,0.008690000000000002,0.0,2,0.032,0.085,0.52,0.065,0.0695,0.03238,0.0,1,0.028,0.073,1.063,0.107,0.056,0.032119999999999996,0.0,58223.684253,57992.589813,55,50241.566909,50042.107941,0,61602.495854,58471.47347,2,43046.961291,42838.145448,823,55518.265046,55293.075728,3,41701.495889,41530.673596,236,60522.083223,60277.073176,262,5155.644881,2791.79069,0,61358.382558,61027.528239,3,0.0,0.0,0.0,0.0,0.0,0.0,0.0,0.0,0.0,0.293,0.042,0.251,2000.0,2527.629,23840.852,10.602,20.117,0.00238903
21,2026-04-22T17:28:27.805419,2026-04-22T17:35:27.285744,419480.269,1,0.032,0.071,0.93,0.097,0.054,0.03133999999999999,0.0,2,0.027,0.077,0.304,0.032,0.0685,0.02085,0.0,1,0.027,0.064,0.476,0.048,0.054,0.02006,0.0,3,0.029,0.091,0.564,0.054,0.079,0.025349999999999998,0.0,1,0.029,0.063,0.118,0.018,0.056,0.015430000000000001,0.0,3,0.037,0.103,0.54,0.062,0.083,0.03385,0.0,1,0.024,0.071,0.39,0.05,0.056,0.025779999999999997,0.0,2,0.036,0.074,0.222,0.026,0.068,0.017249999999999998,0.0,1,0.025,0.063,0.287,0.032,0.0565,0.0147,0.0,59617.330309,59341.932867,47,46803.204156,46615.110613,825,60577.349601,60309.458548,49,45284.521135,45049.024573,813,59977.640376,59706.541113,97,44044.706118,43787.92266,2108,60137.721018,59861.164612,34,50455.984681,50201.141821,1505,59878.019755,59541.951076,98,0.0,0.0,0.0,0.0,0.0,0.0,0.0,0.0,0.0,0.084,0.0,0.084,2000.0,2528.746,23840.852,10.607,20.034,0.00233436
22,2026-04-22T17:35:29.288160,2026-04-22T17:42:39.188630,429900.437,1,0.036,0.074,1.483,0.144,0.056,0.034109999999999994,0.0,2,0.047,0.072,0.375,0.033,0.067,0.011909999999999995,0.0,1,0.024,0.059,0.316,0.032,0.054,0.011329999999999998,0.0,3,0.034,0.082,0.155,0.018,0.078,0.013170000000000001,0.0,1,0.03,0.062,0.222,0.021,0.057,0.01271,0.0,3,0.046,0.096,0.511,0.052,0.079,0.0297,0.0,1,0.028,0.064,0.324,0.032,0.055,0.01718,0.0,2,0.039,0.084,0.516,0.061,0.068,0.028730000000000002,0.0,1,0.02,0.1,3.393,0.335,0.058,0.07586000000000001,0.0,60239.407818,59928.781481,686,48704.650156,48466.478877,386,60043.058292,59739.479593,215,39221.193012,39024.229995,381,58998.90527,58739.186343,3,42893.270592,42500.899896,1315,60668.736477,60374.356063,184,50537.048915,50303.979901,96,60226.073658,59909.90893,496,0.0,0.0,0.0,0.0,0.0,0.0,0.0,0.0,0.0,0.247,0.0,0.247,2000.0,2533.336,23840.852,10.626,20.099,0.00240013
23,2026-04-22T17:42:41.202824,2026-04-22T17:49:35.881007,414678.113,1,0.028,0.072,0.423,0.058,0.056,0.02669,0.0,2,0.031,0.077,0.197,0.025,0.07,0.01822,0.0,1,0.029,0.06,0.112,0.016,0.055,0.012299999999999998,0.0,3,0.037,0.092,0.36,0.051,0.079,0.02656,0.0,1,0.031,0.057,0.095,0.012,0.055,0.008610000000000001,0.0,3,0.035,0.086,0.186,0.023,0.0785,0.017619999999999997,0.0,1,0.031,0.065,0.577,0.06,0.055,0.020380000000000002,0.0,2,0.037,0.075,0.171,0.022,0.069,0.015219999999999997,0.0,1,0.034,0.064,0.118,0.018,0.057,0.01573,0.0,60715.747338,60428.843961,2,50431.030737,50184.476597,144,59081.76023,58816.117025,225,44443.424037,44218.210802,1473,59011.69126,58771.642459,1277,43706.064009,43500.794304,447,60720.428956,60392.77456,5,49721.553259,49483.777979,2362,60499.602052,60228.778,1104,0.0,0.0,0.0,0.0,0.0,0.0,0.0,0.0,0.0,0.21,0.042,0.168,2000.0,2528.527,23840.852,10.606,20.084,0.00231344
24,2026-04-22T17:49:37.887834,2026-04-22T17:56:42.260693,424372.83,1,0.028,0.131,6.668,0.657,0.055,0.13536,0.0,2,0.033,0.089,0.613,0.076,0.072,0.03347,0.0,1,0.022,0.055,0.106,0.014,0.054,0.00937,0.0,3,0.038,0.086,0.263,0.031,0.0775,0.019259999999999996,0.0,1,0.035,0.061,0.099,0.013,0.057,0.01065,0.0,3,0.033,0.111,0.621,0.089,0.0805,0.048330000000000005,0.0,1,0.035,0.06,0.117,0.015,0.055,0.011309999999999999,0.0,2,0.037,0.083,0.186,0.028,0.071,0.02295,0.0,1,0.018,0.074,0.392,0.042,0.059,0.02427,0.0,61675.484195,61306.064981,2,50397.526697,50030.750337,168,59454.9161,59168.908263,2,43684.986435,43334.03808,1526,61091.727228,60834.309089,3,44616.753256,44335.319306,3748,61214.383828,60847.387055,6,50460.199116,50113.672345,623,61711.95261,61353.978253,3,0.0,0.0,0.0,0.0,0.0,0.0,0.0,0.0,0.0,0.378,0.042,0.336,2000.0,2547.984,23840.852,10.687,20.151,0.00237545
25,2026-04-22T17:56:44.262494,2026-04-22T18:03:38.089175,413826.593,1,0.034,0.064,0.404,0.037,0.056,0.01709,0.0,2,0.04,0.078,0.426,0.04,0.068,0.020579999999999998,0.0,1,0.024,0.08,1.686,0.166,0.056,0.04179,0.0,3,0.039,0.087,0.333,0.033,0.0785,0.020069999999999998,0.0,1,0.021,0.063,0.365,0.034,0.057,0.01511,0.0,3,0.051,0.097,0.492,0.054,0.081,0.027090000000000003,0.0,1,0.03,0.097,3.481,0.341,0.055,0.07353,0.0,2,0.041,0.085,0.645,0.06,0.071,0.02494,0.0,1,0.028,0.06,0.122,0.014,0.058,0.009399999999999999,0.0,60528.621748,60234.824306,1113,49730.671307,49475.051074,936,60563.428523,60221.80893,504,43210.470232,42978.016637,228,59149.81308,58800.459315,93,43530.96157,43298.956517,3928,61630.545928,61312.140136,5,50397.986073,50153.543833,290,56140.686033,55914.270815,870,0.0,0.0,0.0,0.0,0.0,0.0,0.0,0.0,0.0,0.168,0.0,0.168,2000.0,2545.871,23840.852,10.679,20.067,0.00230676
26,2026-04-22T18:03:40.091910,2026-04-22T18:10:51.246544,431154.568,1,0.032,0.071,0.438,0.049,0.057,0.024569999999999998,0.0,2,0.034,0.073,0.233,0.024,0.069,0.011919999999999997,0.0,1,0.032,0.081,2.412,0.235,0.056,0.050690000000000006,0.0,3,0.059,0.092,0.455,0.052,0.0795,0.02379,0.0,1,0.028,0.057,0.108,0.012,0.056,0.0076100000000000004,0.0,3,0.04,0.083,0.139,0.015,0.079,0.010550000000000002,0.0,1,0.042,0.058,0.185,0.019,0.054,0.008930000000000002,0.0,2,0.03,0.069,0.173,0.014,0.068,0.007469999999999999,0.0,1,0.028,0.056,0.083,0.008,0.056,0.00525,0.0,58808.588023,58513.864519,183,48763.330831,48565.697056,3033,59021.897659,58783.467443,1,42071.458697,41868.147935,407,58096.021845,57850.890975,4,42873.716489,42692.098634,415,59659.978223,59376.876556,193,48954.407541,48664.694282,47,60011.962493,59676.305746,394,0.0,0.0,0.0,0.0,0.0,0.0,0.0,0.0,0.0,0.168,0.042,0.126,2000.0,2542.301,23840.852,10.664,20.067,0.00240335
27,2026-04-22T18:10:53.254604,2026-04-22T18:17:48.253584,414998.946,1,0.026,0.064,0.37,0.036,0.055,0.016890000000000002,0.0,2,0.037,0.082,0.359,0.043,0.0685,0.02496,0.0,1,0.031,0.076,0.435,0.061,0.057,0.03243,0.0,3,0.046,0.095,0.743,0.07,0.079,0.02917,0.0,1,0.025,0.103,2.999,0.296,0.064,0.07124,0.0,3,0.049,0.097,0.282,0.033,0.08549999999999999,0.02453,0.0,1,0.033,0.072,0.454,0.055,0.058,0.024279999999999996,0.0,2,0.043,0.079,0.282,0.031,0.07,0.01864,0.0,1,0.035,0.098,3.956,0.387,0.057,0.07689,0.0,60250.431613,59976.328369,4,44920.766744,44732.858384,187,59839.927533,59566.740356,2,42662.305705,42445.722919,633,59661.262783,59397.265405,1,43806.926252,43561.445293,1215,61763.713681,61432.150115,2,49640.520058,49331.13127,815,59723.049935,59453.090776,675,0.0,0.0,0.0,0.0,0.0,0.0,0.0,0.0,0.0,0.21,0.0,0.21,2000.0,2532.301,23840.852,10.622,20.084,0.00231523
28,2026-04-22T18:17:50.254414,2026-04-22T18:24:53.061380,422806.895,1,0.036,0.068,0.317,0.031,0.059,0.01779,0.0,2,0.034,0.104,1.116,0.123,0.07,0.052469999999999996,0.0,1,0.024,0.082,0.575,0.07,0.063,0.03505,0.0,3,0.029,0.104,0.554,0.057,0.0865,0.03431,0.0,1,0.018,0.075,0.724,0.077,0.057,0.030369999999999998,0.0,3,0.043,0.096,0.239,0.033,0.0825,0.0273,0.0,1,0.031,0.063,0.118,0.018,0.0575,0.014150000000000001,0.0,2,0.035,0.096,0.52,0.071,0.073,0.03756,0.0,1,0.035,0.071,0.383,0.038,0.058,0.02115,0.0,60257.822104,59978.00795,272,50281.686779,50034.034333,606,58590.073797,58353.141429,186,43774.906066,43559.140432,1034,61990.738305,61584.05676,2,43943.331912,43765.947131,99,59501.99376,59154.48217,188,50301.715184,50070.344532,1705,60373.689,60130.887969,4,0.0,0.0,0.0,0.0,0.0,0.0,0.0,0.0,0.0,0.252,0.0,0.252,2000.0,2535.918,23840.852,10.637,20.101,0.00236077
29,2026-04-22T18:24:55.064942,2026-04-22T18:31:46.773808,411708.808,1,0.03,0.064,0.112,0.016,0.059,0.01319,0.0,2,0.048,0.079,0.521,0.049,0.068,0.02109,0.0,1,0.029,0.067,0.457,0.053,0.055,0.02296,0.0,3,0.035,0.082,0.165,0.018,0.079,0.012010000000000002,0.0,1,0.028,0.066,0.406,0.042,0.057,0.018230000000000003,0.0,3,0.035,0.084,0.386,0.035,0.0775,0.017640000000000003,0.0,1,0.028,0.065,0.279,0.028,0.058,0.015000000000000001,0.0,2,0.044,0.092,0.681,0.07,0.076,0.02959,0.0,1,0.028,0.061,0.112,0.017,0.056,0.01312,0.0,60626.609342,60375.86748,1123,51083.464478,50839.714466,319,59833.444903,59508.162071,148,43987.577436,43755.839929,549,59670.90005,59329.396456,3,37304.682429,37154.223124,0,60373.499921,60106.995934,196,50020.626085,49778.056668,827,60691.658084,60389.073392,49,0.0,0.0,0.0,0.0,0.0,0.0,0.0,0.0,0.0,0.334,0.042,0.293,2000.0,2538.508,23840.852,10.648,20.134,0.00230255
30,2026-04-22T18:31:48.787762,2026-04-22T18:38:57.162582,428374.793,1,0.029,0.059,0.349,0.032,0.055,0.014299999999999998,0.0,2,0.036,0.078,0.282,0.032,0.068,0.02013,0.0,1,0.024,0.065,0.292,0.03,0.056,0.01828,0.0,3,0.037,0.087,0.18,0.023,0.079,0.01715,0.0,1,0.026,0.06,0.099,0.014,0.057,0.0107,0.0,3,0.035,0.099,0.449,0.045,0.0875,0.02705,0.0,1,0.018,0.08,0.646,0.08,0.064,0.03189,0.0,2,0.031,0.095,0.605,0.083,0.068,0.04257,0.0,1,0.017,0.078,0.977,0.105,0.058,0.03668,0.0,60269.452699,60031.141415,552,50578.864297,50301.812776,257,60231.677927,56257.271485,457,42610.407671,42408.773638,2166,55716.210785,55489.548912,395,43798.560505,43610.308901,49,60450.917666,60144.158975,925,50472.165018,50270.15391,46,59210.458207,58943.472379,29,0.0,0.0,0.0,0.0,0.0,0.0,0.0,0.0,0.0,0.084,0.0,0.084,2000.0,2540.848,23840.852,10.658,20.034,0.00238386
31,2026-04-22T18:38:59.173838,2026-04-22T18:45:54.567852,415393.979,1,0.034,0.06,0.237,0.022,0.055,0.01255,0.0,2,0.032,0.075,0.152,0.019,0.068,0.014789999999999998,0.0,1,0.028,0.067,0.885,0.084,0.0545,0.024900000000000002,0.0,3,0.033,0.15,5.628,0.551,0.0825,0.11397999999999998,0.0,1,0.037,0.062,0.115,0.014,0.057,0.01075,0.0,3,0.034,0.099,0.417,0.048,0.082,0.02842,0.0,1,0.028,0.07,0.512,0.054,0.056,0.02492,0.0,2,0.036,0.079,0.548,0.051,0.068,0.021759999999999998,0.0,1,0.029,0.073,0.712,0.074,0.058,0.0276,0.0,60734.922579,60443.622159,37,51304.374495,51071.393831,1750,61075.024092,60773.886809,4,43654.928059,43425.020311,2922,59972.268988,59657.339154,3,43407.437807,43175.5691,5025,59856.283957,59529.536605,342,50444.90449,50209.093335,1,58103.640682,57842.448877,0,0.0,0.0,0.0,0.0,0.0,0.0,0.0,0.0,0.0,0.21,0.042,0.168,2000.0,2554.566,23840.852,10.715,20.084,0.00231744
32,2026-04-22T18:45:56.568264,2026-04-22T18:53:05.922745,429354.426,1,0.023,0.063,0.364,0.039,0.056,0.01592,0.0,2,0.032,0.075,0.281,0.033,0.067,0.018439999999999998,0.0,1,0.024,0.06,0.138,0.017,0.054,0.01266,0.0,3,0.059,0.093,0.412,0.043,0.079,0.02455,0.0,1,0.025,0.062,0.109,0.018,0.057,0.01413,0.0,3,0.047,0.083,0.135,0.018,0.078,0.013150000000000002,0.0,1,0.027,0.064,0.127,0.018,0.0575,0.013900000000000001,0.0,2,0.028,0.1,0.934,0.12,0.0725,0.042780000000000006,0.0,1,0.036,0.071,0.544,0.051,0.058,0.021869999999999997,0.0,59246.561848,59002.364299,2,46803.203985,46615.373845,94,58182.846028,57915.996823,365,37686.621284,37535.728651,45,59937.070482,59504.720752,3,42596.78587,42427.262292,1111,61563.004735,61309.744687,6,50786.578637,50417.742803,646,61065.589915,60634.376934,4,0.0,0.0,0.0,0.0,0.0,0.0,0.0,0.0,0.0,0.211,0.0,0.211,2000.0,2545.602,23840.852,10.677,20.084,0.00239537
33,2026-04-22T18:53:07.941083,2026-04-22T19:00:07.262685,419321.526,1,0.026,0.067,0.528,0.058,0.0555,0.022850000000000002,0.0,2,0.035,0.084,0.495,0.055,0.0695,0.02526,0.0,1,0.022,0.066,0.349,0.046,0.055,0.02178,0.0,3,0.038,0.091,0.388,0.04,0.079,0.02474,0.0,1,0.026,0.06,0.192,0.019,0.056,0.01211,0.0,3,0.039,0.109,0.901,0.102,0.08549999999999999,0.04198,0.0,1,0.016,0.073,0.463,0.078,0.054,0.03517,0.0,2,0.04,0.086,0.882,0.082,0.07050000000000001,0.027739999999999997,0.0,1,0.028,0.078,0.551,0.072,0.058,0.03287,0.0,60857.537843,60529.90674,0,50819.320965,50534.865885,1,59092.583587,58689.833294,1,45688.238223,45494.469296,1630,60172.662979,59925.56713,969,43237.655192,43037.193991,1341,58575.771536,58290.987565,3,50501.824335,50258.4464,804,63210.82758,62907.528468,3,0.0,0.0,0.0,0.0,0.0,0.0,0.0,0.0,0.0,0.21,0.042,0.168,2000.0,2545.59,23840.852,10.677,20.084,0.00233935
34,2026-04-22T19:00:09.272721,2026-04-22T19:07:08.885614,419612.862,1,0.024,0.072,0.462,0.05,0.057,0.024979999999999995,0.0,2,0.033,0.088,0.54,0.066,0.07,0.0319,0.0,1,0.036,0.074,0.281,0.029,0.07,0.01971,0.0,3,0.045,0.101,0.379,0.045,0.083,0.031190000000000002,0.0,1,0.025,0.065,0.117,0.019,0.058,0.0154,0.0,3,0.032,0.145,6.198,0.608,0.079,0.12066,0.0,1,0.021,0.066,0.392,0.039,0.055,0.02069,0.0,2,0.035,0.091,0.62,0.068,0.071,0.03175,0.0,1,0.025,0.069,0.384,0.036,0.0595,0.01898,0.0,60566.567509,60223.784529,50,50266.376412,46520.559989,50,59191.103736,58940.559881,2,44877.995161,44650.759357,1194,60701.271206,60397.840619,4,43744.099407,43489.966602,1510,60353.787147,59978.570169,210,51425.969235,51062.603947,1018,62084.751768,61688.986813,4,0.0,0.0,0.0,0.0,0.0,0.0,0.0,0.0,0.0,0.252,0.0,0.252,2000.0,2545.359,23840.852,10.676,20.101,0.00234293
35,2026-04-22T19:07:10.915212,2026-04-22T19:14:21.883599,430968.35,1,0.027,0.061,0.132,0.017,0.056,0.0118,0.0,2,0.039,0.076,0.36,0.033,0.067,0.016749999999999998,0.0,1,0.023,0.058,0.11,0.015,0.0545,0.010790000000000001,0.0,3,0.036,0.086,0.207,0.026,0.078,0.01919,0.0,1,0.029,0.09,2.423,0.235,0.061,0.048549999999999996,0.0,3,0.043,0.085,0.18,0.023,0.078,0.017770000000000005,0.0,1,0.023,0.064,0.427,0.041,0.055,0.0194,0.0,2,0.035,0.076,0.157,0.02,0.069,0.015419999999999998,0.0,1,0.025,0.058,0.146,0.014,0.057,0.00839,0.0,59359.256078,59070.509433,47,49752.472993,49486.505768,492,60463.652805,60096.180547,25,43200.376472,43008.1627,92,58171.314721,57855.646719,2,43421.668881,43231.032676,2914,60724.378285,60461.102958,3,50875.647698,50608.419137,1277,60275.105375,59984.249609,121,0.0,0.0,0.0,0.0,0.0,0.0,0.0,0.0,0.0,0.165,0.041,0.124,2000.0,2549.719,23840.852,10.695,20.066,0.00240217
36,2026-04-22T19:14:24.008652,2026-04-22T19:21:19.897919,415889.23,1,0.026,0.08,0.666,0.085,0.056,0.03506,0.0,2,0.045,0.099,0.61,0.077,0.073,0.039330000000000004,0.0,1,0.021,0.072,0.872,0.083,0.0555,0.027059999999999997,0.0,3,0.036,0.087,0.154,0.022,0.081,0.01646,0.0,1,0.024,0.066,0.356,0.039,0.057,0.018750000000000003,0.0,3,0.04,0.089,0.22,0.025,0.08,0.01876,0.0,1,0.03,0.062,0.177,0.021,0.055,0.01578,0.0,2,0.032,0.075,0.129,0.018,0.0695,0.014359999999999998,0.0,1,0.023,0.135,7.591,0.749,0.057,0.14850000000000002,0.0,60670.809326,60370.014864,47,52144.251487,51886.210577,216,60279.281179,60000.391308,551,42998.728139,42805.777837,97,59921.519164,59633.491828,5,43398.233477,43189.631778,2678,59816.1512,59508.134533,367,50101.51487,49825.036984,2619,60132.508236,59814.353709,9,0.0,0.0,0.0,0.0,0.0,0.0,0.0,0.0,0.0,0.379,0.042,0.337,2000.0,2551.801,23840.852,10.703,20.152,0.00232801
37,2026-04-22T19:21:21.904497,2026-04-22T19:28:27.155141,425250.62,1,0.035,0.062,0.228,0.023,0.055,0.01308,0.0,2,0.029,0.073,0.135,0.018,0.0685,0.013169999999999998,0.0,1,0.026,0.058,0.14,0.015,0.054,0.010180000000000002,0.0,3,0.04,0.123,1.955,0.199,0.083,0.0659,0.0,1,0.025,0.065,0.246,0.031,0.055,0.01845,0.0,3,0.044,0.104,0.477,0.064,0.082,0.0358,0.0,1,0.022,0.065,0.248,0.028,0.055,0.017750000000000002,0.0,2,0.038,0.115,0.884,0.11,0.08499999999999999,0.054220000000000004,0.0,1,0.029,0.084,0.518,0.063,0.074,0.02921,0.0,59579.79067,59251.154354,3,52701.673364,52442.210797,1557,58949.499335,58619.468506,2,45004.36295,44741.79333,1510,60176.539171,59835.797284,3,38656.438585,38499.104655,1587,61356.023472,61068.328382,3,45088.614497,44907.966724,2156,59556.937233,59256.550465,1019,0.0,0.0,0.0,0.0,0.0,0.0,0.0,0.0,0.0,0.337,0.042,0.295,2000.0,2545.289,23840.852,10.676,20.135,0.00237843
38,2026-04-22T19:28:29.188514,2026-04-22T19:35:35.601215,426412.661,1,0.025,0.074,0.34,0.046,0.0605,0.025759999999999998,0.0,2,0.03,0.084,0.452,0.057,0.07,0.028550000000000002,0.0,1,0.023,0.065,0.172,0.024,0.0575,0.01778,0.0,3,0.034,0.107,0.665,0.089,0.0805,0.04389,0.0,1,0.027,0.072,0.557,0.056,0.057,0.0243,0.0,3,0.036,0.096,0.677,0.074,0.079,0.03261,0.0,1,0.029,0.065,0.417,0.038,0.0565,0.01667,0.0,2,0.034,0.076,0.343,0.033,0.069,0.017859999999999997,0.0,1,0.023,0.061,0.117,0.016,0.057,0.01181,0.0,59031.514005,58738.074763,49,49722.526023,49524.398429,2,61170.665627,60827.073283,1,42432.535784,42233.168206,2802,59594.506434,59324.747022,4,43499.770812,43252.649219,1661,61965.376647,61665.008227,26,50530.367083,50243.045083,1721,59553.588496,59251.153142,483,0.0,0.0,0.0,0.0,0.0,0.0,0.0,0.0,0.0,0.168,0.042,0.126,2000.0,2548.109,23840.852,10.688,20.067,0.00237692
39,2026-04-22T19:35:37.672815,2026-04-22T19:42:34.739250,417066.402,1,0.031,0.087,1.663,0.175,0.055,0.05501999999999999,0.0,2,0.033,0.074,0.418,0.038,0.067,0.015739999999999997,0.0,1,0.028,0.059,0.21,0.021,0.055,0.01226,0.0,3,0.039,0.128,3.448,0.335,0.082,0.07327,0.0,1,0.027,0.072,1.039,0.099,0.056,0.0287,0.0,3,0.038,0.088,0.187,0.026,0.0805,0.01957,0.0,1,0.02,0.065,0.215,0.023,0.061,0.015710000000000002,0.0,2,0.044,0.097,0.897,0.098,0.073,0.03943,0.0,1,0.026,0.061,0.12,0.014,0.0575,0.01021,0.0,60418.874507,60097.100428,102,50730.080275,50512.158475,4264,61076.034665,60778.128552,50,44315.768067,44082.6337,1175,60010.968153,59729.022745,749,43261.276958,43023.459264,3025,61071.14851,60789.496255,374,43951.460854,42500.941219,2,60814.276757,60571.959361,971,0.0,0.0,0.0,0.0,0.0,0.0,0.0,0.0,0.0,0.293,0.0,0.293,2000.0,2559.82,23840.852,10.737,20.117,0.00233061
40,2026-04-22T19:42:36.740597,2026-04-22T19:49:42.482888,425742.221,1,0.026,0.071,0.231,0.029,0.062,0.020909999999999998,0.0,2,0.032,0.118,2.778,0.279,0.07,0.08199999999999999,0.0,1,0.021,0.069,0.95,0.09,0.054,0.026560000000000004,0.0,3,0.047,0.102,0.526,0.053,0.085,0.031,0.0,1,0.024,0.077,0.54,0.066,0.0625,0.029759999999999998,0.0,3,0.037,0.101,0.507,0.072,0.079,0.03703,0.0,1,0.025,0.075,0.843,0.089,0.056,0.03242,0.0,2,0.038,0.084,0.492,0.05,0.068,0.02767,0.0,1,0.027,0.069,0.4,0.044,0.058,0.02374,0.0,60155.545487,59754.189512,1,49702.722422,49383.173617,2087,58912.792328,58559.343343,1,43636.907775,43434.767664,635,53332.895835,53115.87727,3,43981.256236,43725.118229,1392,62225.817397,61950.121425,818,50817.818113,50623.774084,47,56696.849355,56276.691079,84,0.0,0.0,0.0,0.0,0.0,0.0,0.0,0.0,0.0,0.295,0.042,0.253,2000.0,2559.055,23840.852,10.734,20.118,0.00237919
41,2026-04-22T19:49:44.494720,2026-04-22T19:56:43.482720,418987.908,1,0.021,0.061,0.141,0.017,0.0565,0.01264,0.0,2,0.029,0.083,0.463,0.046,0.072,0.022680000000000002,0.0,1,0.027,0.062,0.262,0.028,0.054,0.01757,0.0,3,0.032,0.089,0.181,0.028,0.08,0.02222,0.0,1,0.028,0.059,0.099,0.012,0.056,0.00977,0.0,3,0.045,0.1,0.426,0.048,0.089,0.02656,0.0,1,0.026,0.059,0.238,0.024,0.055,0.013579999999999998,0.0,2,0.029,0.082,0.485,0.051,0.069,0.025320000000000002,0.0,1,0.025,0.068,0.199,0.023,0.059,0.01797,0.0,55624.053099,55394.243508,52,50992.791192,50715.733894,645,61713.411071,61335.793074,197,37354.489323,37204.10096,406,60582.646931,60279.47731,8,43786.79655,43605.21647,3743,58228.210781,57951.821167,1,50405.398214,50176.110878,51,61249.679697,60984.727934,50,0.0,0.0,0.0,0.0,0.0,0.0,0.0,0.0,0.0,0.21,0.042,0.168,2000.0,2562.93,23840.852,10.75,20.084,0.00233749
42,2026-04-22T19:56:45.485069,2026-04-22T20:03:58.744674,433259.574,1,0.013,0.063,0.585,0.054,0.054,0.01798,0.0,2,0.043,0.092,0.58,0.062,0.0725,0.03232,0.0,1,0.023,0.085,0.997,0.105,0.067,0.037520000000000005,0.0,3,0.038,0.106,0.375,0.043,0.0885,0.03237,0.0,1,0.022,0.083,0.752,0.093,0.058,0.040190000000000003,0.0,3,0.037,0.101,0.563,0.076,0.08,0.036520000000000004,0.0,1,0.023,0.071,0.285,0.036,0.0645,0.021619999999999997,0.0,2,0.029,0.086,0.391,0.046,0.0755,0.02685,0.0,1,0.021,0.071,0.298,0.032,0.058,0.02173,0.0,61343.425415,60962.007539,48,50869.39811,50606.389084,49,55439.952888,55222.877647,79,41516.990703,41283.824396,50,58937.855859,58636.647275,287,44300.671631,44118.736186,2926,60371.0674,60036.034145,2,45367.897524,45186.216172,1044,61345.571777,60969.380514,2,0.0,0.0,0.0,0.0,0.0,0.0,0.0,0.0,0.0,0.251,0.0,0.251,2000.0,2554.16,23840.852,10.713,20.1,0.00241908
43,2026-04-22T20:04:00.748891,2026-04-22T20:10:56.629317,415880.398,1,0.026,0.061,0.185,0.021,0.055,0.0145,0.0,2,0.038,0.08,0.191,0.026,0.071,0.02085,0.0,1,0.024,0.072,0.709,0.082,0.055,0.031219999999999998,0.0,3,0.049,0.121,1.947,0.201,0.0795,0.065,0.0,1,0.018,0.064,0.248,0.023,0.058,0.01409,0.0,3,0.034,0.088,0.345,0.038,0.077,0.02121,0.0,1,0.026,0.065,0.475,0.047,0.0545,0.01999,0.0,2,0.038,0.077,0.341,0.034,0.0675,0.01959,0.0,1,0.025,0.061,0.161,0.016,0.058,0.01044,0.0,61529.382152,61214.819823,47,50226.164246,50005.685549,2475,55697.981478,55472.393025,47,44837.920695,44609.925038,2537,59293.972672,58978.557328,762,43549.484733,43368.086635,2208,60346.324448,60062.587602,364,49831.28726,49587.032586,1121,57975.905822,57697.656642,3,0.0,0.0,0.0,0.0,0.0,0.0,0.0,0.0,0.0,0.379,0.0,0.379,2000.0,2554.816,23840.852,10.716,20.152,0.00232796
44,2026-04-22T20:10:58.638237,2026-04-22T20:18:09.004316,430366.05,1,0.023,0.061,0.225,0.026,0.055,0.01623,0.0,2,0.031,0.085,0.858,0.08,0.069,0.0271,0.0,1,0.022,0.075,0.516,0.061,0.0625,0.02777,0.0,3,0.036,0.124,0.573,0.091,0.1005,0.05064,0.0,1,0.032,0.064,0.267,0.026,0.056,0.01615,0.0,3,0.035,0.096,0.668,0.064,0.0805,0.03036,0.0,1,0.032,0.071,0.197,0.028,0.0605,0.021949999999999997,0.0,2,0.041,0.12,1.643,0.184,0.089,0.061279999999999994,0.0,1,0.025,0.07,0.383,0.038,0.057,0.022650000000000003,0.0,61323.252084,60992.919434,100,49402.416313,49206.629601,454,60984.253432,60646.854704,6,45581.521231,45272.742811,2188,58430.701211,58033.8153,66,44198.64738,42251.627286,1687,62005.832322,61689.387352,1,51815.789128,51606.482761,973,60514.573802,60265.028699,411,0.0,0.0,0.0,0.0,0.0,0.0,0.0,0.0,0.0,0.168,0.0,0.168,2000.0,2559.047,23840.852,10.734,20.067,0.00239896
45,2026-04-22T20:18:11.017872,2026-04-22T20:25:19.157907,428140.0,1,0.026,0.065,0.418,0.045,0.056,0.02125,0.0,2,0.032,0.08,0.314,0.038,0.0685,0.02472,0.0,1,0.022,0.057,0.117,0.016,0.053,0.01207,0.0,3,0.036,0.097,0.751,0.07,0.0825,0.028820000000000002,0.0,1,0.037,0.075,0.611,0.069,0.0575,0.028859999999999997,0.0,3,0.036,0.162,7.297,0.717,0.0795,0.14416,0.0,1,0.03,0.104,3.469,0.341,0.0575,0.07725,0.0,2,0.031,0.082,0.567,0.057,0.0685,0.02535,0.0,1,0.024,0.078,0.982,0.097,0.06,0.03275,0.0,59977.338273,59642.891195,205,49833.134652,49604.288609,826,59705.581724,59369.131357,7,43245.544406,43030.145145,1460,56138.723214,55913.423169,1,44627.01523,44383.560157,137,60146.803869,59833.439793,1001,45158.298841,44733.104106,671,60267.580791,60003.54105,1931,0.0,0.0,0.0,0.0,0.0,0.0,0.0,0.0,0.0,0.211,0.0,0.211,2000.0,2559.812,23840.852,10.737,20.084,0.00238859
46,2026-04-22T20:25:21.168074,2026-04-22T20:32:24.369169,423201.062,1,0.027,0.069,0.166,0.021,0.06,0.0176,0.0,2,0.03,0.079,0.311,0.033,0.0685,0.02143,0.0,1,0.022,0.056,0.094,0.011,0.0545,0.00834,0.0,3,0.037,0.088,0.471,0.045,0.077,0.02216,0.0,1,0.024,0.075,0.523,0.055,0.0575,0.027389999999999998,0.0,3,0.031,0.089,0.435,0.056,0.077,0.0266,0.0,1,0.016,0.065,0.424,0.047,0.056,0.020710000000000003,0.0,2,0.032,0.135,5.349,0.529,0.0685,0.11848,0.0,1,0.025,0.058,0.113,0.016,0.056,0.01043,0.0,59812.208151,59488.914119,50,50342.028636,50114.29062,1163,63514.866875,63189.215256,5,43470.202302,43267.761118,189,61003.450376,60768.51956,0,43721.879066,43507.335145,1037,60710.558476,60395.233079,223,50129.257698,49873.533304,185,60115.050592,59774.530145,511,0.0,0.0,0.0,0.0,0.0,0.0,0.0,0.0,0.0,0.168,0.042,0.126,2000.0,2558.336,23840.852,10.731,20.067,0.00235902
47,2026-04-22T20:32:26.372193,2026-04-22T20:39:38.977089,432604.857,1,0.026,0.059,0.202,0.019,0.057,0.011519999999999999,0.0,2,0.03,0.072,0.391,0.036,0.067,0.016199999999999996,0.0,1,0.02,0.057,0.102,0.015,0.054,0.011120000000000001,0.0,3,0.043,0.095,0.401,0.041,0.083,0.02458,0.0,1,0.025,0.065,0.342,0.035,0.057,0.018580000000000003,0.0,3,0.04,0.096,0.514,0.057,0.081,0.02859,0.0,1,0.031,0.063,0.11,0.017,0.058,0.01456,0.0,2,0.031,0.078,0.356,0.039,0.069,0.022269999999999998,0.0,1,0.028,0.064,0.218,0.024,0.0595,0.01607,0.0,62476.34595,62093.95899,161,51792.097318,48751.473253,990,60320.908576,60009.253727,232,43774.158111,43571.744087,2565,61016.537856,60762.342308,1,43553.126682,43245.17685,3759,61895.163496,61623.135983,54,49830.080106,49512.472642,309,61114.174248,59228.073191,87,0.0,0.0,0.0,0.0,0.0,0.0,0.0,0.0,0.0,0.462,0.042,0.42,2000.0,2557.938,23840.852,10.729,20.185,0.00242557
48,2026-04-22T20:39:40.980058,2026-04-22T20:46:34.188438,413208.334,1,0.035,0.062,0.145,0.019,0.056,0.01357,0.0,2,0.036,0.08,0.359,0.038,0.0695,0.02234,0.0,1,0.031,0.063,0.558,0.051,0.054,0.01764,0.0,3,0.041,0.101,0.369,0.052,0.08,0.03125,0.0,1,0.026,0.058,0.146,0.017,0.055,0.010400000000000001,0.0,3,0.058,0.156,6.23,0.611,0.081,0.12821000000000002,0.0,1,0.026,0.103,3.98,0.39,0.0575,0.0807,0.0,2,0.034,0.079,0.252,0.027,0.071,0.0194,0.0,1,0.026,0.064,0.122,0.017,0.0615,0.01425,0.0,59667.453323,59378.114711,612,52584.143292,52338.121666,2,60036.110175,59745.074886,333,41594.115597,41397.973958,93,58746.597821,58460.757919,6,44353.738548,43050.238625,315,54982.676197,54758.171233,52,49981.821979,49778.105303,1612,58684.447201,58457.063826,4,0.0,0.0,0.0,0.0,0.0,0.0,0.0,0.0,0.0,0.253,0.0,0.253,2000.0,2568.715,23840.852,10.774,20.101,0.00230722
49,2026-04-22T20:46:36.190369,2026-04-22T20:53:47.278866,431088.466,1,0.025,0.071,1.216,0.116,0.055,0.030269999999999995,0.0,2,0.041,0.081,0.429,0.045,0.069,0.02443,0.0,1,0.027,0.063,0.109,0.016,0.057,0.013219999999999999,0.0,3,0.037,0.092,0.412,0.039,0.084,0.02258,0.0,1,0.025,0.067,0.482,0.046,0.058,0.02041,0.0,3,0.05,0.11,0.765,0.097,0.081,0.04395,0.0,1,0.026,0.066,0.34,0.044,0.054,0.02288,0.0,2,0.033,0.074,0.15,0.021,0.067,0.016489999999999998,0.0,1,0.024,0.08,0.713,0.085,0.058,0.03715,0.0,56496.011619,56272.300431,318,50846.192367,50627.437754,48,55568.780216,55349.852193,5,43164.641338,42937.539296,90,60743.846257,60420.911489,5,46145.808141,45841.634952,1878,63116.739506,62861.695554,3,52585.292362,52139.205327,317,61462.385554,60904.780809,48,0.0,0.0,0.0,0.0,0.0,0.0,0.0,0.0,0.0,0.295,0.0,0.295,2000.0,2564.738,23840.852,10.758,20.118,0.00240907
50,2026-04-22T20:53:49.281326,2026-04-22T21:00:46.386447,417105.049,1,0.028,0.06,0.204,0.02,0.0555,0.01308,0.0,2,0.047,0.303,22.383,2.219,0.07,0.44166999999999995,0.0,1,0.025,0.068,0.569,0.062,0.056,0.023790000000000002,0.0,3,0.044,0.09,0.446,0.052,0.078,0.024149999999999998,0.0,1,0.024,0.069,0.312,0.034,0.059,0.01966,0.0,3,0.045,0.093,0.349,0.04,0.08,0.02463,0.0,1,0.025,0.066,0.285,0.043,0.056,0.02187,0.0,2,0.038,0.086,0.781,0.077,0.0715,0.030629999999999998,0.0,1,0.028,0.057,0.094,0.011,0.0565,0.007410000000000001,0.0,58752.683998,58473.059708,1,50088.51519,46282.443268,0,60377.822699,60120.573687,0,43693.86737,43499.045354,4152,57014.260136,56705.428507,48,42436.240316,42194.1762,47,58683.215772,58459.281602,362,48124.530734,47845.337636,655,56294.763599,56013.428103,1502,0.0,0.0,0.0,0.0,0.0,0.0,0.0,0.0,0.0,0.29,0.041,0.249,2000.0,2572.734,23840.852,10.791,20.116,0.00233069
51,2026-04-22T21:00:48.389530,2026-04-22T21:07:51.938212,423548.633,1,0.026,0.059,0.255,0.026,0.053,0.013989999999999999,0.0,2,0.036,0.075,0.19,0.021,0.0685,0.015209999999999998,0.0,1,0.025,0.062,0.29,0.032,0.053,0.01694,0.0,3,0.043,0.09,0.165,0.021,0.0825,0.016919999999999998,0.0,1,0.025,0.064,0.168,0.019,0.058,0.014110000000000001,0.0,3,0.047,0.082,0.144,0.018,0.078,0.013120000000000001,0.0,1,0.026,0.068,0.526,0.05,0.058499999999999996,0.019280000000000002,0.0,2,0.035,0.083,0.256,0.031,0.073,0.01993,0.0,1,0.028,0.063,0.117,0.017,0.059,0.01345,0.0,59558.466396,59246.302691,2,51150.268724,50894.301463,2164,60130.568972,59785.110647,1,44854.412216,44558.239769,1086,62370.806088,62001.915856,1509,45296.566357,45011.691048,47,60659.080257,60291.197728,2027,51595.087696,51325.444633,2001,62584.686826,62085.1122,1112,0.0,0.0,0.0,0.0,0.0,0.0,0.0,0.0,0.0,0.166,0.0,0.166,2000.0,2557.191,23840.852,10.726,20.066,0.00236086
52,2026-04-22T21:07:53.962538,2026-04-22T21:14:49.842636,415880.064,1,0.036,0.066,0.483,0.052,0.054,0.02176,0.0,2,0.04,0.076,0.137,0.019,0.07,0.015439999999999999,0.0,1,0.029,0.059,0.252,0.023,0.054,0.011899999999999999,0.0,3,0.05,0.104,0.786,0.079,0.0845,0.03406,0.0,1,0.026,0.16,9.825,0.972,0.055,0.19942000000000001,0.0,3,0.033,0.169,7.277,0.717,0.079,0.16179000000000002,0.0,1,0.027,0.091,1.903,0.19,0.058499999999999996,0.05439,0.0,2,0.032,0.075,0.3,0.028,0.068,0.015749999999999997,0.0,1,0.033,0.067,0.263,0.025,0.061,0.01421,0.0,59881.659036,59607.374099,318,52108.94123,51840.87151,1691,59933.554532,59616.733889,1014,43162.597012,42895.643473,3111,59598.826581,59283.010065,3,44793.964426,44565.76283,1702,60858.064229,60542.54917,140,50604.981314,50403.073504,184,60068.200846,59774.685743,2,0.0,0.0,0.0,0.0,0.0,0.0,0.0,0.0,0.0,0.38,0.042,0.338,2000.0,2570.602,23840.852,10.782,20.152,0.002328
53,2026-04-22T21:14:51.846010,2026-04-22T21:21:53.564485,421718.225,1,0.029,0.057,0.104,0.013,0.055,0.00931,0.0,2,0.039,0.073,0.142,0.019,0.067,0.014489999999999998,0.0,1,0.033,0.065,0.264,0.027,0.0565,0.01711,0.0,3,0.05,0.097,0.564,0.067,0.08,0.029550000000000003,0.0,1,0.035,0.073,0.543,0.063,0.056,0.028809999999999995,0.0,3,0.038,0.156,6.327,0.622,0.079,0.13595000000000002,0.0,1,0.028,0.066,0.393,0.052,0.055,0.02237,0.0,2,0.036,0.08,0.206,0.027,0.07,0.01973,0.0,1,0.024,0.072,0.401,0.041,0.0595,0.02201,0.0,60484.981643,60221.101309,460,51052.376676,50835.998592,91,61162.177645,60848.093339,835,44445.69757,44240.83993,49,61445.167024,61188.312278,384,44670.028816,44382.947737,137,61122.576954,60726.758775,1286,51620.715856,51390.472957,0,59473.195679,59165.094387,3,0.0,0.0,0.0,0.0,0.0,0.0,0.0,0.0,0.0,0.208,0.042,0.166,2000.0,2590.301,23840.852,10.865,20.083,0.00235263
54,2026-04-22T21:21:55.566168,2026-04-22T21:28:52.238325,416672.117,1,0.029,0.057,0.154,0.015,0.054,0.009870000000000002,0.0,2,0.03,0.076,0.132,0.019,0.069,0.015719999999999998,0.0,1,0.029,0.058,0.151,0.015,0.054,0.009750000000000002,0.0,3,0.043,0.099,0.689,0.069,0.08,0.031760000000000004,0.0,1,0.031,0.059,0.121,0.015,0.056,0.011189999999999999,0.0,3,0.036,0.087,0.283,0.033,0.078,0.02198,0.0,1,0.025,0.064,0.282,0.028,0.056,0.016900000000000002,0.0,2,0.029,0.082,0.227,0.025,0.072,0.0182,0.0,1,0.035,0.068,0.402,0.038,0.059,0.01801,0.0,58631.865663,58390.423295,1,49978.264108,49689.958158,571,59185.806912,58915.063711,182,43496.878886,43283.256115,2284,59286.427754,59033.961673,0,43701.377893,43489.335114,835,59845.62471,59570.892213,1,50143.21556,49924.538415,772,59856.413889,59572.369628,1229,0.0,0.0,0.0,0.0,0.0,0.0,0.0,0.0,0.0,0.159,0.0,0.159,2000.0,2582.516,23840.852,10.832,20.064,0.00232221
55,2026-04-22T21:28:54.388883,2026-04-22T21:36:03.686825,429297.899,1,0.016,0.06,0.184,0.021,0.054,0.014159999999999999,0.0,2,0.034,0.083,0.494,0.051,0.069,0.024310000000000002,0.0,1,0.023,0.062,0.379,0.038,0.054,0.01965,0.0,3,0.041,0.087,0.15,0.021,0.079,0.017099999999999997,0.0,1,0.035,0.077,1.122,0.108,0.058499999999999996,0.031990000000000005,0.0,3,0.042,0.091,0.468,0.05,0.078,0.02571,0.0,1,0.024,0.075,1.168,0.113,0.0565,0.0332,0.0,2,0.027,0.085,0.436,0.064,0.0695,0.03031,0.0,1,0.035,0.069,0.261,0.028,0.059,0.01777,0.0,59058.353248,58826.573052,93,50875.770416,50633.825698,1464,60876.710204,60425.487792,318,44100.89372,43817.011103,749,61711.98905,61459.475446,40,44991.166573,43856.926089,2030,63113.977731,62609.213326,4,50936.846597,50619.116895,770,60542.866475,60130.547404,960,0.0,0.0,0.0,0.0,0.0,0.0,0.0,0.0,0.0,0.371,0.206,0.165,2000.0,2584.27,23840.852,10.84,20.148,0.00240268
56,2026-04-22T21:36:05.693659,2026-04-22T21:43:03.059528,417365.819,1,0.024,0.058,0.144,0.016,0.055,0.009540000000000002,0.0,2,0.029,0.095,0.738,0.086,0.072,0.03871,0.0,1,0.024,0.069,0.549,0.061,0.0565,0.0238,0.0,3,0.036,0.106,0.554,0.079,0.083,0.04246,0.0,1,0.024,0.062,0.208,0.023,0.057,0.0154,0.0,3,0.038,0.103,0.559,0.079,0.0825,0.03677,0.0,1,0.027,0.069,0.428,0.052,0.0555,0.02501,0.0,2,0.036,0.092,0.502,0.067,0.078,0.03073,0.0,1,0.026,0.074,0.675,0.08,0.058,0.03145,0.0,55598.955916,55376.021448,51,51617.213282,51414.02484,375,61026.282419,60694.993421,209,43312.235097,43142.469877,2471,54858.357645,54640.835567,279,42901.593493,42663.291007,1211,60088.078524,59731.299025,1035,50093.244216,49860.356708,24,59368.276981,59074.986886,7,0.0,0.0,0.0,0.0,0.0,0.0,0.0,0.0,0.0,0.253,0.042,0.211,2000.0,2582.344,23840.852,10.832,20.101,0.00233043
57,2026-04-22T21:43:05.060016,2026-04-22T21:50:16.993788,431933.269,1,0.031,0.058,0.237,0.023,0.054,0.01302,0.0,2,0.035,0.097,2.27,0.219,0.068,0.04939,0.0,1,0.031,0.066,0.285,0.034,0.055,0.01914,0.0,3,0.037,0.088,0.406,0.039,0.08,0.019889999999999998,0.0,1,0.027,0.068,0.427,0.045,0.0575,0.021470000000000003,0.0,3,0.039,0.093,0.392,0.04,0.083,0.023030000000000002,0.0,1,0.026,0.064,0.417,0.04,0.057,0.01695,0.0,2,0.027,0.094,0.987,0.117,0.0685,0.04474,0.0,1,0.021,0.06,0.137,0.018,0.057,0.01223,0.0,59788.049072,59517.097897,2,43928.420066,43750.04874,46,59746.245112,59367.970365,52,41156.923106,40992.149028,3871,59816.199052,59420.90551,3,44988.527939,44695.570426,461,59071.746938,58708.195163,52,52492.750814,52207.435723,427,57453.428266,55791.85267,1163,0.0,0.0,0.0,0.0,0.0,0.0,0.0,0.0,0.0,0.208,0.0,0.208,2000.0,2569.273,23840.852,10.777,20.083,0.00240961
58,2026-04-22T21:50:19.003612,2026-04-22T21:57:18.587538,419583.887,1,0.024,0.058,0.1,0.015,0.054,0.011500000000000002,0.0,2,0.031,0.074,0.3,0.032,0.068,0.016109999999999996,0.0,1,0.023,0.065,0.568,0.052,0.056,0.01856,0.0,3,0.033,0.083,0.171,0.018,0.079,0.011480000000000002,0.0,1,0.029,0.062,0.131,0.016,0.057,0.01238,0.0,3,0.035,0.094,1.172,0.11,0.0785,0.03107,0.0,1,0.029,0.082,2.299,0.223,0.056,0.04648,0.0,2,0.03,0.08,0.226,0.027,0.071,0.0206,0.0,1,0.023,0.062,0.31,0.029,0.057,0.01577,0.0,54234.867324,54018.552539,401,49670.467189,49423.629663,60,59770.683777,59459.480063,428,43999.155681,43821.550093,1853,58940.630293,58655.36342,1,44577.861946,44374.91857,1,56914.015017,56626.126557,5,49936.826306,49711.61033,91,60500.136402,60228.346119,93,0.0,0.0,0.0,0.0,0.0,0.0,0.0,0.0,0.0,0.125,0.0,0.125,2000.0,2582.641,23840.852,10.833,20.05,0.00233685
59,2026-04-22T21:57:20.592884,2026-04-22T22:04:18.202581,417609.663,1,0.024,0.064,0.403,0.037,0.055,0.01687,0.0,2,0.028,0.074,0.238,0.025,0.0685,0.01817,0.0,1,0.032,0.063,0.112,0.018,0.057,0.01545,0.0,3,0.041,0.083,0.215,0.021,0.078,0.013550000000000003,0.0,1,0.032,0.073,0.303,0.039,0.058,0.025039999999999996,0.0,3,0.038,0.095,0.526,0.056,0.08,0.028120000000000003,0.0,1,0.024,0.068,0.366,0.045,0.055,0.02287,0.0,2,0.034,0.079,0.284,0.031,0.0695,0.02085,0.0,1,0.023,0.063,0.286,0.029,0.0565,0.01592,0.0,58789.826128,58486.414283,1,48985.363219,48772.361339,6,60054.46743,59760.960366,94,43554.085201,43338.634251,47,60114.05054,59867.703895,4,39089.755253,38897.779688,3637,54697.392771,54476.474628,3,49639.076558,46762.035275,229,59662.318972,59399.388375,208,0.0,0.0,0.0,0.0,0.0,0.0,0.0,0.0,0.0,0.208,0.0,0.208,2000.0,2580.086,23840.852,10.822,20.083,0.00232971
60,2026-04-22T22:04:20.230607,2026-04-22T22:11:30.112980,429882.306,1,0.017,0.065,0.256,0.032,0.057,0.01857,0.0,2,0.035,0.088,0.489,0.062,0.069,0.03335,0.0,1,0.024,0.062,0.212,0.021,0.056,0.01349,0.0,3,0.05,0.087,0.159,0.022,0.079,0.01661,0.0,1,0.026,0.063,0.204,0.023,0.058,0.01358,0.0,3,0.028,0.086,0.172,0.023,0.079,0.017949999999999997,0.0,1,0.03,0.057,0.129,0.014,0.055,0.007720000000000001,0.0,2,0.034,0.085,0.35,0.036,0.073,0.023330000000000004,0.0,1,0.045,0.062,0.127,0.013,0.058,0.0085,0.0,61214.297387,58502.696457,3,49789.4421,49493.746485,205,58312.281635,57914.81188,816,43717.859477,43501.605317,1172,62052.911579,61606.093129,812,43373.788464,43077.316825,3047,55285.791524,55065.692569,292,51146.053988,48588.726744,1,61193.688618,60104.392418,617,0.0,0.0,0.0,0.0,0.0,0.0,0.0,0.0,0.0,0.126,0.0,0.126,2000.0,2585.191,23840.852,10.844,20.05,0.00239425
61,2026-04-22T22:11:32.137677,2026-04-22T22:18:31.176625,419038.744,1,0.031,0.059,0.13,0.015,0.055,0.01031,0.0,2,0.033,0.076,0.205,0.024,0.068,0.018129999999999997,0.0,1,0.012,0.067,0.414,0.047,0.055,0.02054,0.0,3,0.041,0.092,0.224,0.027,0.08,0.02124,0.0,1,0.03,0.072,0.81,0.076,0.057,0.024839999999999997,0.0,3,0.047,0.095,0.3,0.032,0.086,0.022170000000000002,0.0,1,0.015,0.068,0.207,0.026,0.06,0.01827,0.0,2,0.029,0.082,0.722,0.071,0.068,0.027200000000000002,0.0,1,0.02,0.062,0.12,0.019,0.057,0.01465,0.0,60747.620056,60426.878467,2,51035.82229,49546.512015,1432,59730.688858,59468.861945,548,43535.518359,43327.39764,1492,60471.250015,60231.84412,266,43387.298233,43118.358177,1549,59875.304647,59585.650446,5,49611.687377,49350.56805,622,59328.833115,59020.931191,3,0.0,0.0,0.0,0.0,0.0,0.0,0.0,0.0,0.0,0.253,0.0,0.253,2000.0,2584.477,23840.852,10.841,20.101,0.00233977
62,2026-04-22T22:18:33.186319,2026-04-22T22:25:40.029621,426843.271,1,0.03,0.057,0.113,0.013,0.054,0.009750000000000002,0.0,2,0.037,0.075,0.346,0.033,0.067,0.016159999999999997,0.0,1,0.027,0.07,0.283,0.034,0.0595,0.02168,0.0,3,0.039,0.091,0.272,0.031,0.08,0.02281,0.0,1,0.023,0.063,0.608,0.057,0.056,0.01873,0.0,3,0.033,0.099,0.472,0.056,0.0825,0.030760000000000003,0.0,1,0.026,0.088,2.436,0.237,0.06,0.05170999999999999,0.0,2,0.032,0.073,0.173,0.021,0.069,0.014949999999999998,0.0,1,0.029,0.062,0.42,0.038,0.056,0.01359,0.0,59876.155528,59587.553045,92,50912.151807,50639.331015,0,60042.358929,59690.500094,733,44385.232819,43598.115929,887,60282.499614,59993.09789,227,43962.505055,43788.808588,2485,60089.252661,59844.390988,49,50057.986383,49788.982458,1000,58321.023318,58051.231702,130,0.0,0.0,0.0,0.0,0.0,0.0,0.0,0.0,0.0,0.296,0.042,0.254,2000.0,2583.59,23840.852,10.837,20.118,0.00238539
63,2026-04-22T22:25:42.031536,2026-04-22T22:32:37.697306,415665.699,1,0.026,0.062,0.136,0.02,0.057,0.0142,0.0,2,0.026,0.083,0.955,0.091,0.067,0.0303,0.0,1,0.023,0.064,0.414,0.039,0.055,0.01883,0.0,3,0.042,0.098,0.491,0.064,0.0785,0.03567,0.0,1,0.026,0.067,0.398,0.042,0.057,0.02134,0.0,3,0.032,0.096,0.419,0.052,0.081,0.02976,0.0,1,0.02,0.062,0.472,0.047,0.054,0.018520000000000002,0.0,2,0.039,0.083,0.378,0.039,0.071,0.02215,0.0,1,0.023,0.062,0.182,0.022,0.057,0.01461,0.0,59932.547849,59611.519471,8,50769.15472,50565.649043,2359,59277.550654,59041.866834,1004,45335.333538,45097.184635,1028,59928.196738,59682.829573,801,41337.460368,41147.035335,3328,62241.215127,61881.40596,1001,47737.094094,47546.701832,392,59605.06552,59316.079814,4,0.0,0.0,0.0,0.0,0.0,0.0,0.0,0.0,0.0,0.334,0.0,0.334,2000.0,2581.375,23840.852,10.828,20.134,0.00232468
64,2026-04-22T22:32:39.699512,2026-04-22T22:39:52.019026,432319.437,1,0.027,0.059,0.132,0.016,0.055,0.01239,0.0,2,0.03,0.07,0.144,0.019,0.0675,0.01271,0.0,1,0.019,0.06,0.371,0.034,0.056,0.014339999999999999,0.0,3,0.038,0.088,0.448,0.044,0.0795,0.021109999999999997,0.0,1,0.026,0.069,0.356,0.049,0.056,0.02312,0.0,3,0.031,0.093,0.299,0.038,0.0815,0.02535,0.0,1,0.022,0.059,0.242,0.022,0.055,0.011189999999999999,0.0,2,0.042,0.081,0.29,0.031,0.07,0.01896,0.0,1,0.02,0.066,0.13,0.019,0.06,0.01627,0.0,60936.823147,60634.296515,273,44864.573372,44671.429102,47,58351.086432,57978.301649,47,38950.615234,38793.837077,3804,60094.134986,59788.9499,6,43907.921314,43669.353415,2342,61288.352318,60966.659984,49,42781.57704,42781.25828,92,57996.28013,57666.08679,5,0.0,0.0,0.0,0.0,0.0,0.0,0.0,0.0,0.0,0.209,0.0,0.209,2000.0,2588.527,23840.852,10.858,20.084,0.00241181
65,2026-04-22T22:39:54.020929,2026-04-22T22:46:51.688147,417667.179,1,0.027,0.06,0.191,0.022,0.054,0.01498,0.0,2,0.033,0.077,0.339,0.036,0.069,0.02025,0.0,1,0.026,0.068,0.523,0.056,0.055,0.023950000000000003,0.0,3,0.052,0.1,1.254,0.118,0.08,0.03468,0.0,1,0.024,0.061,0.119,0.017,0.057,0.01312,0.0,3,0.043,0.084,0.434,0.04,0.078,0.019060000000000004,0.0,1,0.031,0.077,0.472,0.067,0.057,0.03263,0.0,2,0.038,0.074,0.149,0.018,0.068,0.013389999999999997,0.0,1,0.018,0.063,0.218,0.025,0.057,0.01642,0.0,58847.193639,58434.791185,645,47221.2413,47028.618223,49,52436.811063,51141.509851,3,42798.36565,42584.026807,663,59676.877122,53871.903152,0,42981.608614,42807.820621,46,59366.808335,59094.119095,42,44108.59524,43931.711814,680,59810.595161,59519.9551,119,0.0,0.0,0.0,0.0,0.0,0.0,0.0,0.0,0.0,0.336,0.0,0.336,2000.0,2577.777,23840.852,10.812,20.134,0.00233597
66,2026-04-22T22:46:53.688471,2026-04-22T22:54:09.676318,435987.802,1,0.026,0.061,0.265,0.025,0.055,0.01317,0.0,2,0.035,0.071,0.136,0.017,0.0675,0.012119999999999997,0.0,1,0.026,0.064,0.455,0.047,0.055,0.019190000000000002,0.0,3,0.041,0.095,0.869,0.081,0.08,0.02918,0.0,1,0.022,0.064,0.183,0.021,0.058,0.01473,0.0,3,0.035,0.09,0.218,0.027,0.079,0.021580000000000002,0.0,1,0.027,0.06,0.146,0.018,0.056,0.01219,0.0,2,0.026,0.081,0.652,0.062,0.0685,0.025560000000000003,0.0,1,0.025,0.064,0.35,0.032,0.059,0.01506,0.0,59433.26158,59194.894878,133,50791.545056,50592.093241,189,59539.567915,59297.456738,3,42765.282023,42575.947445,135,59077.58017,58849.076781,26,45119.894305,44798.753717,859,58352.719104,58071.059408,277,50670.115099,50427.833718,437,60700.868089,60396.303688,1260,0.0,0.0,0.0,0.0,0.0,0.0,0.0,0.0,0.0,0.124,0.0,0.124,2000.0,2580.621,23840.852,10.824,20.05,0.00242816
67,2026-04-22T22:54:11.726868,2026-04-22T23:01:06.843562,415116.657,1,0.02,0.071,0.572,0.058,0.057,0.02438,0.0,2,0.032,0.077,0.337,0.036,0.068,0.02016,0.0,1,0.027,0.07,0.806,0.083,0.0555,0.027420000000000003,0.0,3,0.036,0.093,0.326,0.045,0.08,0.02768,0.0,1,0.024,0.062,0.355,0.033,0.056,0.01652,0.0,3,0.037,0.084,0.293,0.03,0.077,0.016950000000000003,0.0,1,0.022,0.067,0.359,0.045,0.056,0.021890000000000003,0.0,2,0.03,0.086,0.536,0.066,0.0695,0.030759999999999996,0.0,1,0.022,0.069,0.48,0.046,0.058,0.02086,0.0,59615.419937,59339.14412,138,50182.102302,49975.75614,46,59425.85607,59083.187203,87,42321.484081,42148.898739,2230,59695.465366,59411.27729,92,36898.09668,36742.512546,137,60161.76965,59873.414897,356,52189.681314,51953.142177,47,60689.816798,60388.99285,91,0.0,0.0,0.0,0.0,0.0,0.0,0.0,0.0,0.0,0.169,0.0,0.169,2000.0,2576.77,23840.852,10.808,20.068,0.002314
68,2026-04-22T23:01:08.846671,2026-04-22T23:08:21.935792,433089.079,1,0.025,0.069,0.766,0.077,0.056,0.024600000000000004,0.0,2,0.029,0.079,0.452,0.054,0.068,0.0249,0.0,1,0.025,0.073,0.79,0.102,0.0555,0.036129999999999995,0.0,3,0.032,0.089,0.389,0.039,0.078,0.02266,0.0,1,0.023,0.067,0.405,0.05,0.0575,0.023590000000000003,0.0,3,0.035,0.09,0.306,0.034,0.079,0.021589999999999998,0.0,1,0.023,0.084,1.638,0.162,0.056,0.0455,0.0,2,0.034,0.088,0.844,0.087,0.069,0.03335,0.0,1,0.023,0.064,0.395,0.039,0.0565,0.01787,0.0,61126.842006,58586.143849,3,50881.468479,50673.432151,5,59548.613003,59263.3299,183,44251.523927,44054.670044,1207,59144.948274,58771.054031,317,44005.26801,43682.367608,1642,61432.695154,61012.280732,27,49484.325495,49149.746983,140,59925.404478,59673.298172,293,0.0,0.0,0.0,0.0,0.0,0.0,0.0,0.0,0.0,0.251,0.042,0.209,2000.0,2589.008,23840.852,10.86,20.1,0.00241813
69,2026-04-22T23:08:23.941579,2026-04-22T23:15:20.916783,416975.162,1,0.033,0.063,0.255,0.027,0.056,0.01554,0.0,2,0.035,0.081,0.416,0.044,0.068,0.02438,0.0,1,0.032,0.058,0.102,0.013,0.055,0.009680000000000001,0.0,3,0.055,0.105,1.928,0.184,0.08,0.042339999999999996,0.0,1,0.03,0.068,0.387,0.04,0.059,0.01794,0.0,3,0.035,0.089,0.395,0.042,0.079,0.021189999999999997,0.0,1,0.023,0.063,0.342,0.03,0.057,0.013670000000000002,0.0,2,0.028,0.088,0.496,0.066,0.07,0.034409999999999996,0.0,1,0.031,0.065,0.361,0.038,0.0565,0.01949,0.0,59316.558823,59051.915576,289,52140.290393,51853.984633,93,60996.101484,60656.306198,25,43236.750896,43037.864638,723,59309.88019,59073.326707,3,43132.484321,42956.6762,2848,60337.470465,60021.113263,45,50611.759047,50335.212659,553,59687.637981,59424.370434,824,0.0,0.0,0.0,0.0,0.0,0.0,0.0,0.0,0.0,0.168,0.0,0.168,2000.0,2589.586,23840.852,10.862,20.067,0.00232431
70,2026-04-22T23:15:22.922970,2026-04-22T23:22:35.060039,432137.031,1,0.027,0.066,0.491,0.045,0.057,0.018250000000000002,0.0,2,0.029,0.142,6.212,0.611,0.069,0.12546999999999997,0.0,1,0.021,0.062,0.337,0.032,0.056,0.01425,0.0,3,0.04,0.087,0.144,0.018,0.082,0.013669999999999998,0.0,1,0.028,0.07,0.423,0.044,0.0595,0.019270000000000002,0.0,3,0.037,0.111,0.656,0.092,0.08,0.048100000000000004,0.0,1,0.018,0.065,0.365,0.035,0.056,0.01968,0.0,2,0.026,0.092,0.793,0.089,0.07,0.04007,0.0,1,0.024,0.071,0.423,0.044,0.058,0.022759999999999996,0.0,60898.843287,60534.246323,651,50143.08083,49908.039319,622,60345.822736,60060.600036,1127,43662.468863,43409.874825,3209,60478.152855,60158.214528,4,44114.953527,43846.860784,1804,60537.417201,60256.379863,1,49961.115375,49760.06531,2706,59829.890231,59570.396794,584,0.0,0.0,0.0,0.0,0.0,0.0,0.0,0.0,0.0,0.294,0.042,0.252,2000.0,2585.953,23840.852,10.847,20.118,0.00241488
71,2026-04-22T23:22:37.061417,2026-04-22T23:29:31.506435,414444.944,1,0.022,0.063,0.374,0.037,0.055,0.018940000000000002,0.0,2,0.033,0.076,0.547,0.051,0.066,0.02013,0.0,1,0.032,0.066,0.397,0.037,0.058,0.01777,0.0,3,0.037,0.099,0.537,0.068,0.0815,0.033960000000000004,0.0,1,0.024,0.063,0.253,0.03,0.056,0.01726,0.0,3,0.032,0.098,0.574,0.056,0.0805,0.02885,0.0,1,0.021,0.058,0.157,0.019,0.054,0.011820000000000002,0.0,2,0.037,0.076,0.224,0.026,0.068,0.01668,0.0,1,0.03,0.072,0.752,0.07,0.06,0.021809999999999996,0.0,59984.309791,59680.52845,5,52340.532955,52028.851073,50,58203.96542,57883.384819,1066,44355.236758,44176.637353,1708,59510.329402,59228.435216,625,43154.182538,42774.66996,189,62071.709297,61804.625083,113,50154.289519,49934.807581,1338,62710.10902,62378.32823,18,0.0,0.0,0.0,0.0,0.0,0.0,0.0,0.0,0.0,0.126,0.0,0.126,2000.0,2599.477,23840.852,10.903,20.05,0.00230827
72,2026-04-22T23:29:33.507585,2026-04-22T23:36:44.789076,431281.423,1,0.026,0.061,0.206,0.02,0.056,0.01172,0.0,2,0.03,0.073,0.249,0.028,0.067,0.016739999999999998,0.0,1,0.036,0.147,7.978,0.789,0.054,0.17035,0.0,3,0.036,0.092,0.268,0.034,0.0815,0.02374,0.0,1,0.028,0.062,0.126,0.017,0.057,0.01309,0.0,3,0.043,0.091,0.248,0.031,0.0795,0.02361,0.0,1,0.021,0.07,0.514,0.05,0.057,0.021720000000000003,0.0,2,0.032,0.078,0.327,0.032,0.0695,0.01957,0.0,1,0.027,0.065,0.59,0.054,0.0575,0.01583,0.0,61096.141702,60819.443499,18,50813.281574,50521.404535,46,55240.1408,55018.756681,1,41497.157364,41292.871345,3497,59135.499887,58764.550235,25,43166.291004,42932.996843,2800,60014.554713,59706.934215,11,49340.49237,49048.397819,1547,59084.270928,58795.178501,1337,0.0,0.0,0.0,0.0,0.0,0.0,0.0,0.0,0.0,0.291,0.0,0.291,2000.0,2586.676,23840.852,10.85,20.116,0.00240995
73,2026-04-22T23:36:46.790453,2026-04-22T23:43:42.129376,415338.888,1,0.021,0.061,0.214,0.023,0.056,0.01484,0.0,2,0.026,0.072,0.309,0.029,0.068,0.014239999999999996,0.0,1,0.027,0.07,0.378,0.047,0.056,0.02501,0.0,3,0.037,0.085,0.161,0.027,0.0775,0.021660000000000002,0.0,1,0.03,0.068,0.399,0.045,0.056,0.023510000000000003,0.0,3,0.038,0.087,0.141,0.02,0.08,0.016819999999999998,0.0,1,0.025,0.088,2.864,0.279,0.055,0.05755999999999999,0.0,2,0.03,0.089,1.67,0.161,0.067,0.040709999999999996,0.0,1,0.026,0.072,0.518,0.056,0.057,0.026139999999999997,0.0,54027.617086,53809.739832,253,50414.163798,50128.488237,859,59653.958693,59364.068772,3,43610.149371,43395.476203,48,60118.817654,59874.516842,2,43934.632148,42801.750333,2221,62804.103519,62524.856706,16,51012.176906,50785.992192,1108,59625.759236,59313.040977,343,0.0,0.0,0.0,0.0,0.0,0.0,0.0,0.0,0.0,0.084,0.0,0.084,2000.0,2588.387,23840.852,10.857,20.034,0.00231131
74,2026-04-22T23:43:44.136601,2026-04-22T23:50:57.176712,433040.079,1,0.024,0.089,3.304,0.323,0.0545,0.06455999999999999,0.0,2,0.033,0.075,0.236,0.024,0.069,0.015989999999999997,0.0,1,0.023,0.061,0.238,0.024,0.055,0.01472,0.0,3,0.039,0.078,0.206,0.021,0.076,0.013410000000000002,0.0,1,0.026,0.067,0.273,0.037,0.057,0.02042,0.0,3,0.039,0.091,0.563,0.053,0.079,0.0257,0.0,1,0.029,0.064,0.201,0.024,0.0565,0.01631,0.0,2,0.043,0.075,0.349,0.033,0.068,0.016679999999999997,0.0,1,0.025,0.072,0.485,0.054,0.057,0.025799999999999997,0.0,59936.613095,59683.517026,25,50535.8978,46422.098426,1431,58193.608852,57929.188635,1,42550.504978,42336.108601,1910,59297.473977,58980.906674,3,42385.77808,42171.395451,1533,59816.884364,59393.336661,2,50668.371955,50350.645568,1,55341.589172,55118.234177,4,0.0,0.0,0.0,0.0,0.0,0.0,0.0,0.0,0.0,0.421,0.042,0.379,2000.0,2595.094,23840.852,10.885,20.168,0.00242603
75,2026-04-22T23:50:59.199152,2026-04-22T23:57:51.431136,412231.918,1,0.02,0.063,0.204,0.023,0.056,0.01638,0.0,2,0.043,0.094,0.56,0.076,0.0725,0.03662,0.0,1,0.032,0.065,0.244,0.031,0.057,0.01858,0.0,3,0.037,0.101,1.257,0.126,0.079,0.04163000000000001,0.0,1,0.023,0.064,0.4,0.037,0.0575,0.01636,0.0,3,0.033,0.095,0.219,0.032,0.08,0.02679,0.0,1,0.029,0.063,0.13,0.017,0.057,0.01429,0.0,2,0.032,0.086,0.687,0.073,0.07050000000000001,0.030579999999999996,0.0,1,0.03,0.074,0.591,0.069,0.058,0.030539999999999998,0.0,59385.84962,59055.263946,640,49798.396445,49563.443036,70,59913.171158,59616.496535,271,42926.948862,42702.263674,436,60273.104673,60014.477364,2,37448.478081,37300.160566,1415,52250.298466,52089.689871,522,48947.450502,48738.194237,153,62348.330379,62042.926334,306,0.0,0.0,0.0,0.0,0.0,0.0,0.0,0.0,0.0,0.084,0.0,0.084,2000.0,2594.363,23840.852,10.882,20.034,0.00229402
76,2026-04-22T23:57:53.436215,2026-04-23T00:05:01.462330,428026.1,1,0.024,0.066,0.9,0.084,0.0555,0.020180000000000003,0.0,2,0.04,0.086,0.691,0.086,0.0695,0.031459999999999995,0.0,1,0.024,0.06,0.138,0.015,0.057,0.010029999999999999,0.0,3,0.07,0.095,0.235,0.025,0.084,0.01874,0.0,1,0.041,0.067,0.388,0.036,0.059,0.016090000000000004,0.0,3,0.037,0.088,0.559,0.05,0.078,0.01897,0.0,1,0.033,0.065,0.156,0.019,0.057,0.014450000000000001,0.0,2,0.035,0.199,11.46,1.132,0.075,0.22535,0.0,1,0.034,0.073,0.521,0.048,0.062,0.018779999999999998,0.0,58643.583196,58363.381714,3,49785.452197,49466.758202,48,56733.02697,56516.006936,91,38740.582354,38587.242006,634,50608.766123,50406.529842,5,41629.281708,41347.846029,1081,56703.767767,56319.785078,2014,48985.150266,46700.009149,47,56175.764916,55923.971012,148,0.0,0.0,0.0,0.0,0.0,0.0,0.0,0.0,0.0,0.168,0.0,0.168,2000.0,2531.238,23840.852,10.617,20.067,0.00238591
77,2026-04-23T00:05:03.464680,2026-04-23T00:12:06.414621,422949.88,1,0.035,0.068,0.79,0.081,0.0545,0.026170000000000002,0.0,2,0.045,0.078,0.32,0.033,0.0695,0.01888,0.0,1,0.022,0.066,0.281,0.028,0.058499999999999996,0.01832,0.0,3,0.043,0.094,0.475,0.05,0.08,0.02621,0.0,1,0.025,0.062,0.156,0.018,0.057,0.01244,0.0,3,0.044,0.083,0.231,0.02,0.078,0.011760000000000003,0.0,1,0.027,0.066,0.369,0.039,0.057,0.01921,0.0,2,0.032,0.082,0.476,0.056,0.069,0.02843,0.0,1,0.029,0.067,0.365,0.035,0.058,0.01819,0.0,60522.319588,60203.593072,615,48969.942573,48784.134638,954,58694.686731,58465.841381,2,39915.543859,39711.477579,344,60156.638424,59872.530589,1,43642.467233,43402.794945,5,60626.297465,60386.284301,1332,51294.398831,51030.348009,304,58470.238552,58236.479158,0,0.0,0.0,0.0,0.0,0.0,0.0,0.0,0.0,0.0,0.328,0.041,0.287,2000.0,2534.945,23840.852,10.633,20.131,0.00236514
78,2026-04-23T00:12:08.608944,2026-04-23T00:19:11.018502,422409.48,1,0.034,0.069,0.478,0.053,0.055,0.023700000000000002,0.0,2,0.037,0.088,0.522,0.061,0.0735,0.029039999999999996,0.0,1,0.031,0.066,0.291,0.037,0.055,0.020370000000000003,0.0,3,0.05,0.119,1.37,0.147,0.085,0.0569,0.0,1,0.023,0.058,0.101,0.013,0.056,0.00988,0.0,3,0.037,0.095,0.855,0.096,0.077,0.035320000000000004,0.0,1,0.021,0.06,0.211,0.022,0.0555,0.014119999999999999,0.0,2,0.038,0.088,0.59,0.075,0.07,0.03208,0.0,1,0.024,0.066,0.243,0.026,0.058,0.01564,0.0,58368.946492,58077.844079,2,50277.633499,50022.458038,579,58226.709172,57945.06388,1277,43855.793458,43643.778847,2819,59633.612055,59330.641109,0,42631.73701,42430.321302,3445,60277.176334,59995.772087,161,42619.993932,39745.727772,721,59969.623891,59673.521503,0,0.0,0.0,0.0,0.0,0.0,0.0,0.0,0.0,0.0,0.168,0.042,0.126,2000.0,2539.992,23840.852,10.654,20.067,0.0023546
79,2026-04-23T00:19:13.050669,2026-04-23T00:26:09.993857,416943.157,1,0.024,0.061,0.215,0.022,0.055,0.013659999999999999,0.0,2,0.033,0.074,0.14,0.02,0.069,0.015459999999999998,0.0,1,0.02,0.099,3.728,0.366,0.055,0.07925,0.0,3,0.042,0.089,0.512,0.048,0.079,0.020569999999999998,0.0,1,0.028,0.064,0.295,0.03,0.057,0.0165,0.0,3,0.051,0.095,0.387,0.049,0.0795,0.02733,0.0,1,0.022,0.058,0.155,0.017,0.055,0.01169,0.0,2,0.031,0.093,0.541,0.064,0.074,0.03486,0.0,1,0.026,0.076,1.299,0.125,0.059,0.032459999999999996,0.0,57281.314037,56999.751454,4,48274.863269,48084.730409,320,59841.663275,59544.640546,3,40003.371366,39807.416514,777,58506.567444,58222.394175,4,43372.735569,43160.132477,1761,55558.664536,55338.891098,46,50043.419496,49728.531206,543,61771.341325,61382.076768,294,0.0,0.0,0.0,0.0,0.0,0.0,0.0,0.0,0.0,0.466,0.0,0.466,2000.0,2539.305,23840.852,10.651,20.186,0.00233794
80,2026-04-23T00:26:11.996262,2026-04-23T00:33:06.188599,414192.249,1,0.033,0.076,0.312,0.046,0.063,0.02651,0.0,2,0.049,0.106,0.458,0.069,0.092,0.03809,0.0,1,0.032,0.094,0.517,0.085,0.076,0.04198,0.0,3,0.058,0.124,1.291,0.137,0.1055,0.0486,0.0,1,0.024,0.077,0.119,0.019,0.079,0.01628,0.0,3,0.036,0.118,0.534,0.056,0.1105,0.031779999999999996,0.0,1,0.03,0.084,0.957,0.097,0.069,0.03399,0.0,2,0.026,0.106,0.769,0.087,0.087,0.041120000000000004,0.0,1,0.026,0.097,0.61,0.09,0.0815,0.042620000000000005,0.0,61613.524549,61316.121052,426,52604.651758,52291.493794,96,62473.655473,62066.22865,1986,44415.305864,44153.910975,3,63442.965529,62987.413604,52,45705.033605,45461.642351,7438,56842.141124,56613.93874,149,51397.391905,51195.076672,240,63471.991336,62997.79625,4,0.0,0.0,0.0,0.0,0.0,0.0,0.0,0.0,0.0,0.466,0.042,0.424,2000.0,2532.676,23840.852,10.623,20.186,0.00232251
81,2026-04-23T00:33:08.221731,2026-04-23T00:39:59.105212,410883.34,1,0.034,0.147,6.611,0.652,0.0755,0.14126,0.0,2,0.033,0.098,0.363,0.04,0.097,0.02306,0.0,1,0.034,0.087,0.551,0.064,0.078,0.025189999999999997,0.0,3,0.035,0.119,0.659,0.071,0.1095,0.034749999999999996,0.0,1,0.029,0.074,0.127,0.024,0.075,0.02063,0.0,3,0.04,0.117,0.82,0.093,0.101,0.04376,0.0,1,0.035,0.087,0.42,0.054,0.078,0.02643,0.0,2,0.037,0.095,0.342,0.036,0.0975,0.0257,0.0,1,0.02,0.103,1.077,0.121,0.0835,0.04718,0.0,58980.922297,57748.610321,48,50818.023384,50515.774496,1835,62374.999267,62117.399228,73,46148.412682,45900.226374,5293,63446.533281,63121.51565,185,44931.507195,44750.812959,4795,60634.025304,60313.59767,3,46004.369175,45817.367701,478,61070.90563,60784.453958,3,0.0,0.0,0.0,0.0,0.0,0.0,0.0,0.0,0.0,0.416,0.0,0.416,2000.0,2533.996,23840.852,10.629,20.166,0.00230168
82,2026-04-23T00:40:01.127651,2026-04-23T00:46:56.713167,415585.49,1,0.022,0.078,0.49,0.052,0.07,0.02556,0.0,2,0.032,0.107,0.54,0.059,0.1,0.03187,0.0,1,0.022,0.087,0.505,0.073,0.07100000000000001,0.0375,0.0,3,0.044,0.11,0.607,0.066,0.1,0.03408,0.0,1,0.024,0.079,0.459,0.045,0.073,0.02189,0.0,3,0.054,0.128,0.982,0.103,0.1125,0.043680000000000004,0.0,1,0.04,0.085,0.599,0.061,0.077,0.026500000000000003,0.0,2,0.033,0.095,0.167,0.024,0.094,0.01986,0.0,1,0.024,0.078,0.454,0.056,0.0695,0.02787,0.0,63002.427796,62691.32643,60,52207.272975,51945.158203,1132,61598.61491,61209.80535,125,45783.777076,45534.291768,4628,58230.581931,57993.540395,461,44119.31744,43850.54892,2964,61825.778608,61556.305993,1069,52367.749559,52124.296823,2551,62708.266766,62383.322211,1,0.0,0.0,0.0,0.0,0.0,0.0,0.0,0.0,0.0,0.507,0.042,0.464,2000.0,2540.289,23840.852,10.655,20.203,0.00233222
83,2026-04-23T00:46:58.768389,2026-04-23T00:53:50.096627,411328.177,1,0.02,0.083,0.475,0.068,0.0665,0.03447,0.0,2,0.043,0.104,0.522,0.078,0.09,0.038919999999999996,0.0,1,0.033,0.086,0.666,0.078,0.0735,0.03508,0.0,3,0.06,0.21,7.056,0.7,0.1075,0.19108999999999998,0.0,1,0.022,0.079,0.631,0.059,0.0755,0.02231,0.0,3,0.054,0.12,0.535,0.067,0.109,0.03704,0.0,1,0.03,0.086,0.566,0.058,0.078,0.024919999999999998,0.0,2,0.04,0.106,0.51,0.071,0.095,0.03624,0.0,1,0.034,0.09,0.657,0.073,0.0795,0.03042,0.0,64288.973122,63922.930204,5,46033.286912,44731.894872,455,62181.168056,61795.629253,82,44276.443235,44022.914253,4419,61553.387873,61089.967358,685,45799.564895,45560.854642,2,61523.809843,61276.822712,4468,52692.937717,52326.634489,92,62312.248141,61849.098969,1601,0.0,0.0,0.0,0.0,0.0,0.0,0.0,0.0,0.0,0.381,0.0,0.381,2000.0,2550.152,23840.852,10.697,20.152,0.00230257
84,2026-04-23T00:53:52.098913,2026-04-23T01:00:51.833825,419734.844,1,0.03,0.086,1.202,0.114,0.0715,0.03371,0.0,2,0.033,0.128,1.073,0.147,0.099,0.06328,0.0,1,0.037,0.087,0.516,0.064,0.0805,0.028169999999999997,0.0,3,0.045,0.147,1.578,0.166,0.117,0.06863,0.0,1,0.022,0.081,0.628,0.058,0.0755,0.023620000000000002,0.0,3,0.038,0.101,0.258,0.035,0.095,0.02734,0.0,1,0.037,0.087,0.475,0.068,0.0735,0.03531,0.0,2,0.038,0.109,0.561,0.081,0.098,0.0345,0.0,1,0.038,0.121,3.903,0.385,0.077,0.08668,0.0,61295.952146,61035.772472,1053,47776.767783,47587.088607,1549,60338.247971,60003.227981,227,43329.758927,41980.969014,19,64599.466593,64184.718773,1560,45242.077003,45012.705411,1460,63620.892754,63241.755706,602,52144.651875,51855.811801,1250,62258.011108,61878.633994,1,0.0,0.0,0.0,0.0,0.0,0.0,0.0,0.0,0.0,0.247,0.0,0.247,2000.0,2549.254,23840.852,10.693,20.099,0.00234338
85,2026-04-23T01:00:53.904041,2026-04-23T01:07:59.287644,425383.163,1,0.029,0.069,0.334,0.033,0.059,0.01888,0.0,2,0.045,0.088,0.742,0.069,0.0745,0.025789999999999997,0.0,1,0.036,0.08,0.472,0.061,0.0635,0.02834,0.0,3,0.071,0.091,0.29,0.025,0.084,0.01481,0.0,1,0.029,0.067,0.33,0.032,0.0575,0.016300000000000002,0.0,3,0.05,0.103,0.44,0.058,0.087,0.03328,0.0,1,0.028,0.069,0.487,0.054,0.055,0.02271,0.0,2,0.032,0.08,0.276,0.031,0.0695,0.02137,0.0,1,0.03,0.067,0.471,0.043,0.059,0.017290000000000003,0.0,59478.531285,59242.943004,0,51415.19022,46879.205061,46,61946.039902,61569.929592,8,39032.973198,38874.083434,48,60924.1411,60608.807927,409,43871.80514,43638.895324,1619,58741.631389,58426.314317,370,46673.58105,42432.371303,140,62118.577151,61717.808394,4,0.0,0.0,0.0,0.0,0.0,0.0,0.0,0.0,0.0,0.21,0.042,0.168,2000.0,2548.387,23840.852,10.689,20.084,0.00237317
86,2026-04-23T01:08:01.290320,2026-04-23T01:14:51.588782,410298.434,1,0.03,0.056,0.127,0.01,0.054,0.006470000000000001,0.0,2,0.048,0.084,0.21,0.022,0.0795,0.01691,0.0,1,0.034,0.08,0.498,0.055,0.0715,0.02515,0.0,3,0.041,0.102,0.387,0.041,0.099,0.02536,0.0,1,0.027,0.057,0.149,0.015,0.054,0.01012,0.0,3,0.046,0.095,0.433,0.043,0.0795,0.02611,0.0,1,0.027,0.074,0.431,0.058,0.062,0.026779999999999998,0.0,2,0.051,0.093,0.65,0.064,0.08,0.027290000000000002,0.0,1,0.026,0.095,2.009,0.195,0.0725,0.04842,0.0,61722.861004,61414.364204,1,51796.676805,51508.876941,96,56039.605032,55817.722106,47,44064.570232,41381.760812,4843,62484.613492,62143.684265,749,45090.265451,44839.924079,3744,62842.730377,62581.58422,449,52457.331302,52185.439024,48,61429.816156,61066.090765,1271,0.0,0.0,0.0,0.0,0.0,0.0,0.0,0.0,0.0,0.337,0.0,0.337,2000.0,2546.645,23840.852,10.682,20.135,0.0022948
87,2026-04-23T01:14:53.591272,2026-04-23T01:21:46.202783,412611.439,1,0.018,0.068,0.497,0.047,0.059,0.020880000000000003,0.0,2,0.033,0.095,0.472,0.047,0.0885,0.02459,0.0,1,0.042,0.088,0.796,0.095,0.0685,0.03768,0.0,3,0.051,0.132,0.631,0.102,0.11,0.051890000000000006,0.0,1,0.03,0.074,0.121,0.019,0.0735,0.01635,0.0,3,0.034,0.11,0.696,0.082,0.0955,0.03768,0.0,1,0.03,0.078,0.456,0.042,0.072,0.01889,0.0,2,0.033,0.098,0.655,0.063,0.0915,0.02854,0.0,1,0.025,0.098,0.602,0.089,0.083,0.04066,0.0,56872.638995,55632.95627,4,52486.553098,52114.151737,1834,61294.854836,61050.009968,846,44791.029661,44536.902032,736,61111.845674,60876.802405,1812,44807.487136,44602.720082,981,62308.377089,61934.150962,202,53177.105879,52913.005018,1348,63152.059217,62774.506949,46,0.0,0.0,0.0,0.0,0.0,0.0,0.0,0.0,0.0,0.338,0.0,0.338,2000.0,2556.738,23840.852,10.724,20.135,0.00230778
88,2026-04-23T01:21:48.204603,2026-04-23T01:28:44.609366,416404.708,1,0.032,0.077,0.327,0.034,0.078,0.0205,0.0,2,0.048,0.093,0.423,0.051,0.086,0.028,0.0,1,0.02,0.077,0.355,0.044,0.07050000000000001,0.023379999999999998,0.0,3,0.052,0.105,0.372,0.044,0.0945,0.02803,0.0,1,0.039,0.09,0.575,0.073,0.077,0.0346,0.0,3,0.051,0.118,0.481,0.055,0.113,0.03073,0.0,1,0.023,0.081,0.489,0.049,0.0755,0.02463,0.0,2,0.034,0.12,1.027,0.119,0.1,0.05017,0.0,1,0.036,0.081,0.198,0.028,0.08,0.0211,0.0,55057.896338,54842.182964,94,54310.315041,53980.372639,182,58351.57883,58116.44195,1,44540.596235,44354.257289,4,56738.454751,56416.506569,6,44083.914167,43830.5017,4379,61649.529446,61402.986766,93,44571.669323,41211.68276,1,60149.535702,59716.935189,1,0.0,0.0,0.0,0.0,0.0,0.0,0.0,0.0,0.0,0.72,0.212,0.508,2000.0,2552.039,23840.852,10.704,20.288,0.00234667
89,2026-04-23T01:28:46.611720,2026-04-23T01:35:41.602046,414990.3,1,0.025,0.074,0.325,0.033,0.068,0.02184,0.0,2,0.046,0.109,0.718,0.091,0.0885,0.04379,0.0,1,0.031,0.078,0.165,0.022,0.076,0.01798,0.0,3,0.057,0.129,0.609,0.091,0.113,0.0436,0.0,1,0.038,0.094,0.48,0.082,0.076,0.042210000000000004,0.0,3,0.05,0.115,0.532,0.061,0.1105,0.02985,0.0,1,0.042,0.075,0.158,0.022,0.0685,0.01906,0.0,2,0.035,0.09,0.212,0.03,0.086,0.02359,0.0,1,0.028,0.085,0.479,0.068,0.0715,0.03072,0.0,62751.223628,62394.184858,370,45456.031787,45276.711944,206,61897.691457,61588.362517,57,43475.695171,43278.656494,32,62097.836404,61790.642653,4,45518.643193,45287.973636,4218,63599.189468,63260.907078,271,52110.510411,51824.257008,1757,61594.560505,61350.838578,45,0.0,0.0,0.0,0.0,0.0,0.0,0.0,0.0,0.0,0.252,0.042,0.21,2000.0,2551.625,23840.852,10.703,20.101,0.00231712
90,2026-04-23T01:35:43.604488,2026-04-23T01:42:39.976680,416372.135,1,0.022,0.08,0.445,0.05,0.0765,0.02579,0.0,2,0.029,0.097,0.762,0.071,0.089,0.02723,0.0,1,0.025,0.108,1.408,0.17,0.08,0.06064,0.0,3,0.042,0.152,0.596,0.111,0.123,0.06695999999999999,0.0,1,0.04,0.082,0.541,0.054,0.074,0.0251,0.0,3,0.057,0.247,14.063,1.39,0.084,0.29375999999999997,0.0,1,0.024,0.075,0.491,0.059,0.0625,0.02685,0.0,2,0.045,0.104,0.89,0.087,0.0935,0.0329,0.0,1,0.026,0.08,0.547,0.066,0.0685,0.02765,0.0,62779.386239,62446.973573,47,50676.208891,50363.340215,825,64746.823057,64429.746809,1,44161.19793,43931.252873,4690,56368.051652,56148.272065,3,46624.1506,46374.985703,499,62030.908434,61721.490484,2242,52272.644104,52059.810702,4462,62693.922759,62224.112413,1034,0.0,0.0,0.0,0.0,0.0,0.0,0.0,0.0,0.0,0.423,0.042,0.381,2000.0,2549.824,23840.852,10.695,20.169,0.00233275
91,2026-04-23T01:42:41.978978,2026-04-23T01:49:34.966350,412987.311,1,0.032,0.087,0.409,0.056,0.075,0.028999999999999998,0.0,2,0.04,0.104,0.548,0.073,0.099,0.03384,0.0,1,0.026,0.078,0.344,0.047,0.0665,0.02743,0.0,3,0.035,0.12,0.677,0.093,0.096,0.04855,0.0,1,0.023,0.081,0.416,0.054,0.0715,0.02747,0.0,3,0.055,0.161,4.422,0.432,0.114,0.09873000000000001,0.0,1,0.037,0.074,0.15,0.02,0.0755,0.015870000000000002,0.0,2,0.046,0.218,12.025,1.188,0.089,0.24472,0.0,1,0.022,0.091,0.565,0.073,0.082,0.0342,0.0,63748.762132,63325.457867,779,53756.19255,53427.571303,2709,65262.603031,64876.675273,3,44759.771281,44533.760345,6391,60731.064437,60486.289865,4,43999.864646,43664.349448,58,61530.701463,61184.843008,784,52906.893965,52684.64251,99,62845.313388,62583.866646,85,0.0,0.0,0.0,0.0,0.0,0.0,0.0,0.0,0.0,0.507,0.0,0.507,2000.0,2558.188,23840.852,10.73,20.203,0.00231764
92,2026-04-23T01:49:36.966800,2026-04-23T01:56:29.117888,412151.004,1,0.036,0.09,0.802,0.095,0.0725,0.037899999999999996,0.0,2,0.03,0.096,0.551,0.057,0.0915,0.02697,0.0,1,0.032,0.066,0.226,0.024,0.0605,0.0176,0.0,3,0.045,0.119,0.823,0.085,0.111,0.037309999999999996,0.0,1,0.029,0.082,0.423,0.046,0.0765,0.02302,0.0,3,0.061,0.133,0.56,0.085,0.1145,0.04472,0.0,1,0.028,0.08,0.293,0.036,0.076,0.02281,0.0,2,0.033,0.092,0.256,0.037,0.087,0.02755,0.0,1,0.031,0.086,0.524,0.066,0.079,0.028509999999999997,0.0,62716.735997,62347.311623,1366,51891.236021,51563.121708,3,61836.441207,61446.296386,1981,45449.415651,43415.499579,3614,63873.446895,57803.166674,220,44159.389637,43984.066101,2114,61555.74921,61187.603812,0,52830.43884,52585.710583,2835,60931.336595,60528.092767,638,0.0,0.0,0.0,0.0,0.0,0.0,0.0,0.0,0.0,0.168,0.0,0.168,2000.0,2555.102,23840.852,10.717,20.067,0.00229742
93,2026-04-23T01:56:31.134758,2026-04-23T02:03:24.888553,413753.76,1,0.02,0.075,0.199,0.027,0.076,0.02228,0.0,2,0.026,0.113,0.62,0.097,0.0975,0.04805,0.0,1,0.026,0.08,0.306,0.041,0.0765,0.02369,0.0,3,0.041,0.124,0.527,0.063,0.1215,0.03124,0.0,1,0.023,0.074,0.174,0.022,0.073,0.01827,0.0,3,0.03,0.108,0.449,0.056,0.1,0.03152,0.0,1,0.021,0.168,8.911,0.88,0.072,0.18153000000000002,0.0,2,0.038,0.111,0.713,0.105,0.089,0.04741,0.0,1,0.027,0.082,0.43,0.043,0.0755,0.0202,0.0,55500.869508,55281.364605,894,52351.685237,52038.819512,794,61268.412959,60947.94782,4,45498.627252,45301.081378,1647,63765.850674,63446.171561,145,45697.615936,45516.384832,7527,62594.43926,62184.591834,348,51469.363225,51210.03167,1650,61409.276193,61003.890848,32,0.0,0.0,0.0,0.0,0.0,0.0,0.0,0.0,0.0,0.5,0.042,0.458,2000.0,2542.867,23840.852,10.666,20.2,0.00232162
94,2026-04-23T02:03:26.890432,2026-04-23T02:10:22.031431,415140.931,1,0.024,0.097,0.632,0.085,0.081,0.04165,0.0,2,0.028,0.117,0.812,0.126,0.092,0.05378000000000001,0.0,1,0.024,0.076,0.542,0.053,0.07050000000000001,0.02255,0.0,3,0.034,0.114,0.673,0.081,0.095,0.041370000000000004,0.0,1,0.024,0.098,1.522,0.152,0.0745,0.046990000000000004,0.0,3,0.038,0.118,0.675,0.061,0.114,0.02626,0.0,1,0.039,0.106,0.62,0.122,0.0765,0.06091,0.0,2,0.028,0.106,0.604,0.083,0.095,0.03886,0.0,1,0.025,0.087,1.069,0.108,0.0675,0.03812,0.0,62393.61075,59337.617337,25,50989.83056,50679.115007,459,62648.268268,62253.811364,1752,47722.226926,47410.314777,411,63907.738813,63486.718742,94,43773.190434,43499.430709,2841,61502.405532,61253.604829,1,52172.848229,51856.128337,373,61235.472374,60839.970441,570,0.0,0.0,0.0,0.0,0.0,0.0,0.0,0.0,0.0,0.424,0.042,0.382,2000.0,2551.23,23840.852,10.701,20.17,0.0023259
95,2026-04-23T02:10:24.037569,2026-04-23T02:17:18.971038,414933.419,1,0.033,0.081,0.932,0.087,0.07100000000000001,0.02562,0.0,2,0.035,0.106,0.436,0.067,0.0935,0.0363,0.0,1,0.022,0.089,0.514,0.074,0.073,0.03803,0.0,3,0.033,0.129,0.505,0.071,0.119,0.04284,0.0,1,0.025,0.093,0.522,0.065,0.086,0.03011,0.0,3,0.034,0.151,0.869,0.133,0.1235,0.07085,0.0,1,0.033,0.076,0.119,0.019,0.079,0.0165,0.0,2,0.046,0.108,0.931,0.103,0.092,0.04068,0.0,1,0.021,0.082,0.586,0.068,0.07,0.03124,0.0,63276.102546,62955.498854,246,53584.696085,53317.887578,95,58997.43888,58597.187135,23,44929.848936,44717.768731,150,60922.999351,60611.220844,2,45008.533259,44703.200244,3479,62874.423159,62641.374663,1132,53386.288091,53096.621859,1742,54070.617711,52969.16846,234,0.0,0.0,0.0,0.0,0.0,0.0,0.0,0.0,0.0,0.374,0.042,0.332,2000.0,2557.617,23840.852,10.728,20.15,0.00232243
96,2026-04-23T02:17:20.972328,2026-04-23T02:24:16.364593,415392.205,1,0.03,0.069,0.418,0.043,0.058499999999999996,0.02176,0.0,2,0.037,0.126,1.746,0.181,0.1015,0.060610000000000004,0.0,1,0.021,0.071,0.341,0.034,0.067,0.0215,0.0,3,0.04,0.128,0.649,0.085,0.1145,0.04692,0.0,1,0.03,0.081,0.462,0.053,0.075,0.02487,0.0,3,0.044,0.136,0.908,0.108,0.118,0.05385000000000001,0.0,1,0.045,0.079,0.522,0.048,0.076,0.02137,0.0,2,0.04,0.106,0.757,0.085,0.094,0.03537,0.0,1,0.028,0.081,0.545,0.063,0.07050000000000001,0.02916,0.0,62445.752252,62095.117888,95,51540.570848,51228.538036,2168,62198.884593,57898.349338,538,39421.46304,39259.29795,2665,62497.965285,62224.604439,297,43567.84037,43294.709744,49,62774.731347,62460.331093,1156,51590.024472,51369.066858,96,64794.234049,64377.406945,1228,0.0,0.0,0.0,0.0,0.0,0.0,0.0,0.0,0.0,0.382,0.042,0.339,2000.0,2553.707,23840.852,10.711,20.153,0.00232537
97,2026-04-23T02:24:18.368795,2026-04-23T02:31:12.642738,414273.899,1,0.023,0.076,0.345,0.043,0.0695,0.02234,0.0,2,0.049,0.115,1.347,0.142,0.093,0.05058000000000001,0.0,1,0.021,0.088,0.531,0.069,0.0745,0.03442,0.0,3,0.039,0.108,0.549,0.062,0.0905,0.03485,0.0,1,0.035,0.077,0.322,0.032,0.077,0.02044,0.0,3,0.041,0.122,0.521,0.07,0.1095,0.03882,0.0,1,0.029,0.078,0.48,0.045,0.076,0.02134,0.0,2,0.049,0.102,0.434,0.054,0.096,0.02612,0.0,1,0.031,0.079,0.33,0.035,0.0735,0.02144,0.0,61798.450962,61517.084324,923,52748.54359,52427.010372,5269,63586.057712,63177.269841,1003,46213.838788,42023.85129,2320,61943.825864,61607.770753,2383,42338.95087,42074.834346,1286,64399.963141,64068.673386,24,51617.40059,51409.642097,186,58001.326009,57637.25944,669,0.0,0.0,0.0,0.0,0.0,0.0,0.0,0.0,0.0,0.38,0.042,0.338,2000.0,2553.031,23840.852,10.709,20.152,0.00231901
98,2026-04-23T02:31:14.645544,2026-04-23T02:38:09.862026,415216.4,1,0.032,0.084,0.539,0.052,0.078,0.02238,0.0,2,0.031,0.105,0.532,0.073,0.0905,0.03775,0.0,1,0.036,0.082,0.456,0.058,0.0715,0.0279,0.0,3,0.04,0.136,2.322,0.228,0.103,0.06515,0.0,1,0.02,0.09,1.561,0.154,0.0715,0.04213,0.0,3,0.047,0.126,0.626,0.095,0.106,0.04768,0.0,1,0.028,0.083,0.637,0.066,0.075,0.026520000000000002,0.0,2,0.035,0.206,11.77,1.163,0.0795,0.24044000000000001,0.0,1,0.033,0.087,0.415,0.056,0.0815,0.02957,0.0,62805.225384,62426.577212,478,53020.772857,52738.090969,16,60997.695001,60630.634722,414,45533.647835,45263.82565,4493,53667.028995,53450.488732,1,46204.623664,45967.984164,750,65495.209094,65197.507362,193,53182.742251,52976.301792,668,61021.219978,58268.843045,24,0.0,0.0,0.0,0.0,0.0,0.0,0.0,0.0,0.0,0.507,0.042,0.465,2000.0,2564.766,23840.852,10.758,20.203,0.00233015
99,2026-04-23T02:38:11.864396,2026-04-23T02:45:06.663467,414799.03,1,0.033,0.077,0.495,0.049,0.0685,0.025089999999999998,0.0,2,0.039,0.111,0.594,0.073,0.0965,0.03676,0.0,1,0.034,0.123,4.493,0.442,0.073,0.09834999999999999,0.0,3,0.044,0.12,0.512,0.071,0.1085,0.040209999999999996,0.0,1,0.028,0.086,0.599,0.076,0.0755,0.033569999999999996,0.0,3,0.046,0.125,0.567,0.098,0.0975,0.05467,0.0,1,0.024,0.068,0.458,0.043,0.0595,0.02094,0.0,2,0.034,0.128,2.277,0.231,0.0955,0.06946,0.0,1,0.038,0.1,0.778,0.1,0.085,0.038130000000000004,0.0,62508.175257,62224.539973,749,44584.327151,44402.185256,444,63900.367315,63557.321192,1062,45242.840242,45044.271773,2020,63430.768576,63186.122646,1522,45371.058915,45180.352439,203,62510.5081,62091.748645,885,51465.491862,51099.187319,48,62415.345514,62118.774252,54,0.0,0.0,0.0,0.0,0.0,0.0,0.0,0.0,0.0,0.337,0.084,0.253,2000.0,2550.363,23840.852,10.697,20.135,0.00231997
100,2026-04-23T02:45:08.682734,2026-04-23T02:52:01.660264,412977.474,1,0.043,0.106,1.412,0.169,0.075,0.06391999999999999,0.0,2,0.046,0.1,0.633,0.066,0.089,0.03159,0.0,1,0.021,0.075,0.329,0.039,0.076,0.02044,0.0,3,0.032,0.116,0.763,0.076,0.107,0.035160000000000004,0.0,1,0.036,0.073,0.143,0.02,0.0675,0.01701,0.0,3,0.033,0.113,0.509,0.066,0.1055,0.033030000000000004,0.0,1,0.028,0.08,0.385,0.047,0.0735,0.024,0.0,2,0.031,0.091,0.23,0.029,0.092,0.02367,0.0,1,0.028,0.132,5.001,0.493,0.074,0.11194000000000001,0.0,61004.693274,60751.746355,916,52328.405864,50054.505296,3439,62859.825834,62522.466223,48,45200.192709,44927.648284,6977,63342.832407,62899.91464,834,45936.262099,45522.77203,633,62265.489373,62015.809371,3,47169.54042,46979.183837,450,62609.630389,62282.314047,4,0.0,0.0,0.0,0.0,0.0,0.0,0.0,0.0,0.0,0.926,0.252,0.673,2000.0,2535.191,23840.852,10.634,20.37,0.00233681
