Platform,Nodes,Hops,Max,Min,Avg,StdDev,Median,Jitter,Count
Mininet,R1-R2,1,8.64,0.014,0.165679,0.707569,0.03,0.243812,5000
Mininet,R1-R3,2,17.1,0.021,0.216162,0.923291,0.038,0.319841,5000
Mininet,R3-R2,1,9.67,0.016,0.178644,0.761394,0.031,0.265965,5000
Mininet,R3-R6,3,13.3,0.026,0.241729,0.963517,0.043,0.352658,5000
Mininet,R1-R6,1,17.7,0.016,0.176176,0.775167,0.03,0.263521,5000
Mininet,R2-R5,3,19.4,0.027,0.229123,0.914735,0.043,0.329523,5000
Mininet,R4-R5,1,15.8,0.017,0.149517,0.67587,0.031,0.215721,5000
Mininet,R4-R6,2,12.8,0.023,0.200847,0.83509,0.038,0.290087,5000
Mininet,R6-R1,1,11.9,0.016,0.185542,0.772595,0.03,0.28039,5000
